country,_1961,_1962,_1963,_1964,_1965,_1966,_1967,_1968,_1969,_1970,_1971,_1972,_1973,_1974,_1975,_1976,_1977,_1978,_1979,_1980,_1981,_1982,_1983,_1984,_1985,_1986,_1987,_1988,_1989,_1990,_1991,_1992,_1993,_1994,_1995,_1996,_1997,_1998,_1999,_2000,_2001,_2002,_2003,_2004,_2005,_2006,_2007,_2008,_2009,_2010,_2011,_2012,_2013,_2014,total
Afghanistan,14768553,14859363,14058181,15290994,15641828,14899150,16327659,16687255,17172652,15271815,14582638,16624249,17892774,18336999,18889938,19822394,17168264,18415767,17850693,17374911,16762484,16150224,15655141,15008158,14288923,13548691,14290120,13075464,12414409,12347924,12386416,11458648,13285942,13855135,14277510,14264855,15607215,16267723,14487949,10319977,11015509,16326755,18455450,15729364,22276690,20298691,23964457,18297961,26914399,24704598,19863007,25579665,26089057,27825648,909030236
Albania,1959270,1981007,2029093,2353115,2193448,2703814,2909579,3025766,3078282,3309470,3286720,3466414,3646897,3811155,3906137,4642444,4907927,5086862,5379070,4992590,5218788,5535336,6087703,5731490,5450515,5733076,5588964,5013175,5748264,4954639,3116413,3522250,4434540,4577922,4579486,4404544,4493832,4685341,4251994,4584387,4543176,4600633,4561982,4678287,4784377,4878589,4797833,5463719,5707938,6466791,6803943,6933176,6937568,7049451,244589182
Algeria,10453684,15206426,14976300,11579766,13072997,7779327,10629778,13799505,12690631,13617703,12848370,13864116,11483212,11737962,16483378,14235378,9883046,10989863,12078371,15210165,13243358,11145700,10917284,12383364,19433963,18297015,17224767,13158310,17507748,14768694,24646305,23827949,17506860,14523414,20107260,29797060,15220781,23274308,21444500,16851465,23107088,22121186,33118877,34902870,34532682,36092288,32378745,27530770,45272624,43753504,46290733,53228688,57139442,53460678,1150830258
American Samoa,18807,20105,21641,20233,19062,19677,20969,21153,22629,21231,19942,19692,19559,18464,18172,17366,16977,16007,13284,15065,15100,15204,14911,14201,13723,14119,13026,13051,13000,14916,13682,14427,16050,17174,18084,19421,20426,27420,20628,23564,27155,28697,32511,31513,32764,33547,34117,34812,35740,36207,35756,34452,37270,36851,1183554
Angola,7366182,7597671,7546878,7912550,8095733,8102038,8290408,8376400,9137668,9069810,9016371,8803528,9184606,8516786,7970292,7945070,7350670,7479585,6709597,6821277,6316660,6276220,6423916,6514626,6643119,6997305,7205354,7156102,7023789,6893047,7634706,8212892,7802619,8961473,9355458,10094136,9459705,12010468,11344449,14135454,17141742,20412730,22012399,25784157,27545883,27676109,31493061,32878901,42472668,45362725,48937659,36479045,55347364,41134118,802433179
Antigua and Barbuda,196360,210279,272264,272439,148357,94143,64589,27127,55928,57963,152243,19089,17533,16285,17559,18046,17523,19012,21518,24675,27548,28916,22932,20916,24331,24890,26149,27900,23452,25107,27039,27661,27143,26964,26084,26895,27402,27236,27914,27969,27884,29178,29859,30997,24915,26518,28125,29083,29527,29959,30330,29832,30418,30874,2654879
Argentina,85720841,83513492,96176060,107574847,89084860,100011596,108019057,95130817,105118733,114164905,122426509,106418427,132979167,137775933,129712066,135844085,134148199,151702274,145854541,122966008,164717168,178887026,170937681,175558059,166334137,160882880,147221428,153988921,124919074,140061360,158409066,168611930,162245461,163858536,180526856,171752451,218297795,250152546,219728358,239690708,244166868,243753588,247807125,246177539,292986515,265790930,314899120,324950762,222592527,313976407,348264963,315045121,356022445,364786179,9922343947
Armenia,0,0,0,0,0,0,0,0,0,0,0,0,0,0,0,0,0,0,0,0,0,0,0,0,0,0,0,0,0,0,0,3877154,3562412,3685260,3816280,4057555,3288394,3766670,3826707,3069719,3918244,4159516,4468197,5386018,5788953,5531623,6864105,6640179,6541051,5336464,6553013,7239788,7670503,8250598,117298403
Australia,45709755,55770102,57413849,64414313,53219533,78149546,56839330,87427033,70595672,70066469,79154175,65143195,84254326,82928296,90136946,89907581,80428847,114032290,107854854,88878228,113776259,83086906,137579403,133630503,122053272,119845344,107499522,116743866,117863053,117152982,103500870,125240728,137536586,101221690,147393863,177514758,167327790,176635152,183866999,179247436,186517171,119903043,202368845,177311034,199558007,125340399,142837151,176529148,171686464,169081882,185569789,202023598,179000264,188410597,6617178714
Austria,20371832,19686561,21323984,21980651,17103237,21814981,22643897,23992310,24241667,22677670,23519808,22482852,24333025,24874997,24120739,25463250,24755973,25928831,24208988,27551052,25755489,29783333,26501888,28413931,28131779,26046596,25596881,27980337,26601079,27507934,26529196,23504775,24193644,24126467,24864266,25828517,28221749,27673549,28049078,25930645,27527244,26521133,24962967,29846862,28323856,24934389,26365256,30832235,28492360,28967866,32954071,28539369,27294444,33154542,1393034032
Azerbaijan,0,0,0,0,0,0,0,0,0,0,0,0,0,0,0,0,0,0,0,0,0,0,0,0,0,0,0,0,0,0,0,9185078,7727954,7025260,6499187,7261627,6892617,6590205,8201524,10292758,12574751,13658287,13920117,14330244,15471401,15586014,15836044,17246160,18287251,15449064,17378432,18490494,19019394,16868067,293791930
Bahamas,69870,72560,75920,78160,80420,92965,104890,101555,97650,118015,95510,133185,132240,136945,146690,171025,161100,149974,151790,149493,171790,168440,147800,165750,150900,142050,145200,155560,170160,173928,155124,142418,156840,165371,164070,171690,167276,180512,193774,198489,214200,196480,201484,215028,212783,229546,245053,245044,229753,273027,277611,276746,277856,286269,8987979
Bahrain,45400,45141,46154,46154,46324,43394,43937,44407,45027,45997,46807,48407,48416,54977,80977,105749,132501,132242,130423,133840,61178,51640,53523,54926,59851,66410,72198,72531,71556,51539,54287,61971,64430,72810,81653,82738,81370,88236,78361,78113,74422,64454,68334,63768,60544,95240,91174,89301,90618,89914,86500,87656,87521,87720,3862761
Bangladesh,54876301,52116962,59396009,59497373,61938218,60245372,68657236,68995670,72433425,68772709,62604496,61324346,67592781,64857054,72165946,68156858,73459420,75506737,74658909,79529107,79004642,82023925,84530508,85143014,88641577,88951292,87899312,87998515,96126492,96701837,99298250,99945051,98785785,94106333,97680639,103114329,104314304,108692755,123614540,132378615,128981730,131810930,134819142,130879400,145955765,150167855,159379373,173867519,172910900,184777801,190273861,191186572,196598434,203819434,5561165360
Barbados,1461569,1527248,1771723,1558601,1814274,1636972,1912506,1455118,1342821,1526181,1307661,1135308,1099885,1006784,904177,971665,1107880,963976,1117559,1278716,1031946,874223,780530,869544,842719,958287,745828,749281,612853,659690,640056,580690,495536,512213,438507,610832,632617,512527,580456,602477,475843,470182,429473,414261,495227,403514,407244,356905,406759,307363,333130,307932,224829,213715,45877813
Belarus,0,0,0,0,0,0,0,0,0,0,0,0,0,0,0,0,0,0,0,0,0,0,0,0,0,0,0,0,0,0,0,51370552,59251046,45591146,45606053,49544674,43621124,39016056,34197036,41944798,41728608,44207772,46440764,56410696,50653704,51210007,56231591,64376705,59378217,54739480,56476214,59933311,51055451,59739834,1162724839
Belgium,0,0,0,0,0,0,0,0,0,0,0,0,0,0,0,0,0,0,0,0,0,0,0,0,0,0,0,0,0,0,0,0,0,0,0,0,0,0,0,27489349,25219374,28160152,27396726,30296343,28441114,27346961,29059833,28545282,30758815,29705578,31353501,28760757,30157296,32847257,435538338
Belgium-Luxembourg,17062926,17149317,16527279,19128071,16485857,15565347,20818203,19373904,18884762,18042874,21309953,19807585,21715291,21626821,18148463,17195102,19231684,20944717,20617419,19752269,21702854,24136769,19030339,22776347,22402146,22928693,21360113,23016517,23164177,22820621,22872218,25473767,26526497,24533305,24803552,26600661,27053105,25855298,29236785,0,0,0,0,0,0,0,0,0,0,0,0,0,0,0,835681608
Belize,414025,342388,358553,470690,504841,606469,747843,846922,751762,888611,893539,933935,997898,1112466,1036205,890123,1197190,1407050,1232795,1374387,1348746,1481296,1405757,1347446,1307986,1252320,1326006,1260415,1429675,1621390,1632272,1830655,2005403,1861663,1905267,2189047,2212854,2183552,2302564,2373084,2358613,2222610,2189951,2542440,2366663,2659814,2527503,2399796,2309930,2402868,2127845,2596023,2405390,2503877,84898413
Benin,3957660,3850846,3804206,3974784,4077836,4090744,4384582,4468655,4378025,4474735,4454471,4568541,4807278,4528083,4415694,4837635,4932102,5713488,5827413,5261715,5222299,5249682,5168698,6519951,6650792,6889097,5892759,7591576,7958143,7994660,8702446,8747649,9342606,9687050,10474639,11313038,12998071,13308955,14402207,15113501,15502863,15689884,17453359,18038001,17686281,15916919,17125989,20040346,21080359,21010809,22487069,23611584,24897005,26675582,547252362
Bermuda,8185,7473,8544,9060,9663,9563,8362,8048,6029,9871,5906,5122,7064,7851,7515,8107,7837,8090,8402,7806,8305,8814,8820,8459,8968,8910,8925,9974,11694,11289,11488,11679,11565,11543,11980,10945,11721,12237,12582,12785,13053,11445,12379,12309,12136,12435,12937,13114,13984,13949,14154,14953,14377,14401,556807
Bhutan,472585,487919,502816,516260,530047,543899,558643,576880,590444,604381,618385,633192,647146,662700,676804,689208,704812,721876,739540,760926,793930,808891,829904,899638,815289,812501,847762,650610,654921,771280,779161,762348,787963,823250,872216,895425,894447,874635,900663,718140,777354,715824,789516,1003213,1227372,1229323,1245880,982103,950261,984734,1254761,1089438,1027508,1047306,42756030
Bolivia (Plurinational State of),4859417,4962702,5485354,5580546,5873697,5931526,6156027,6803025,6895703,7097833,7065806,7585435,8446713,8631471,9441838,10214917,9726486,9845019,9653554,10083646,10700165,10782589,7702798,10562851,11878974,11436221,11448545,11261665,11264194,12489554,12973088,12292637,13661899,14049997,15462517,15467902,14881309,15750124,16069421,17022133,17589272,18882891,19740752,19380526,20752062,22270369,22139313,23516095,27367520,24494892,24778778,27856901,30185532,32751308,739205509
Bosnia and Herzegovina,0,0,0,0,0,0,0,0,0,0,0,0,0,0,0,0,0,0,0,0,0,0,0,0,0,0,0,0,0,0,0,7271232,6627052,5577425,5302060,5927248,7726334,8369342,8584947,6211834,7484454,8286070,6239131,9318345,8934794,8929653,7477352,9143550,9193820,8049381,8052647,6756946,8634598,7431432,175529647
Botswana,388824,194491,206515,188479,187587,281839,404365,252416,353668,202701,555035,481240,305508,617587,453325,686131,497491,351389,253035,393957,429908,296686,282483,251548,300687,317435,319112,651555,546539,464880,459868,332455,439565,487165,505382,631645,448747,333205,367001,391377,407929,460392,473874,440825,467012,478504,432720,464444,512540,547992,666379,502549,425669,549314,22342969
Brazil,186576393,198974587,209141049,214588626,243909490,236448088,255649455,260729443,263806297,279773003,284577525,294719591,295733324,316197467,319271808,349786944,374350293,353295347,378182750,423139915,434207572,468574850,475984185,507902872,559579790,542267726,609011481,596593494,616738122,581667585,591952043,637283490,610246471,679184596,716216568,690067132,727901353,727731428,752542546,748970358,814267502,829580344,938695437,945474415,927161841,1008879750,1137288733,1276907524,1274187409,1346583370,1394852922,1401909130,1516111173,1500849319,34326223926
British Virgin Islands,0,0,0,0,0,520,622,622,622,618,740,760,800,820,880,900,940,980,1020,1100,1160,1190,1200,1220,1230,1264,1260,1290,980,360,730,814,858,840,863,882,898,911,892,896,900,903,900,904,914,920,932,971,1000,1034,1070,1150,1140,1078,45498
Brunei Darussalam,35770,37379,34221,31822,31807,34288,39992,41379,46175,45934,42096,42055,48449,59491,59941,52606,45465,44747,46076,42884,43438,44305,47789,39313,29957,31994,30937,33390,31888,34195,34685,33034,36969,38729,43599,46906,45791,43904,49476,57924,58924,61679,62492,64763,59033,51501,51325,52525,53930,55718,57549,58772,58952,56452,2464415
Bulgaria,27221696,27989471,29178917,32904889,30955438,40312217,37578749,32523097,36580807,37980395,39089000,43402035,40369395,37558801,41187360,45023688,40354285,40605366,44391777,39667251,43310561,49774012,40243087,46007123,30264987,42400879,37101769,38498623,45005856,38613514,42234953,33007118,25885654,30577413,33733241,19698351,29160923,27060721,27200268,22307588,27033887,29731858,21214494,33343037,24912991,25408468,15075799,29823791,26968356,31432696,32305381,29106739,38547524,39902433,1851768729
Burkina Faso,3836631,4521587,4643346,5059973,4841856,5064731,5216348,5481367,5270642,5392214,4641564,4639120,4405672,5588868,6453987,5442536,5957624,6298669,6462494,5900955,6902676,6716034,6402243,6347155,8565774,10004308,8866262,10911962,10251030,8446772,12450136,12607194,12762771,11519758,11761411,12661586,10765947,13786246,13904059,11608058,16028742,16042291,18184973,15250358,18791054,18964761,15719988,22088265,18663260,22999577,19033506,24536303,24953816,23350521,586968981
Burundi,5221448,5225257,5309284,5713098,5726283,5747448,5907592,6038330,5982092,5977117,6113971,5539441,6236250,5759603,6322033,6389739,6577641,6566886,6431977,6402201,6920280,6757696,6721536,6894435,7668408,8090776,8310877,8538000,8417356,8749418,9028319,9276907,9047377,7866954,8290695,8545049,8800073,8146656,8585943,8471635,9146238,9592736,9658518,9545683,9384356,9451299,9670310,9947329,10430604,10707630,10448917,9833110,14653572,12671002,427457385
Cabo Verde,127838,134208,135079,141334,160447,166856,180168,120164,110486,71180,59122,50040,54547,61941,69577,83105,77883,84335,107992,128392,90940,73486,66299,80834,80652,135098,223650,203626,182865,173402,140439,136533,147566,124294,126414,144318,126802,134971,280466,317483,302405,245639,275004,266900,244132,246435,250004,277554,238574,239128,277453,297327,306786,291517,8873690
Cambodia,9272675,8207763,10112720,10748337,9756856,9405976,9925805,12073297,9929538,13588073,10196803,7836578,5400121,4231496,5390481,5522047,5248685,4942801,3665973,6749865,6326218,7512673,7910539,5658058,7215206,8153666,7403228,9787956,9907378,9647894,9207764,9009036,9190397,8859359,12082289,12049302,12109811,12255555,14280076,14332365,14611383,13818715,17367098,15901469,21252625,25628919,27700974,32335586,34514657,37352137,46101806,47879728,48020021,47557692,785147470
Cameroon,8685505,9052772,9797002,9968261,9309475,9669409,10385688,10731627,10637022,11153106,11400999,12082199,12372384,13990242,14774690,13269802,13468475,13424772,13617272,14113411,14477261,15204073,15122552,14855248,16323792,18085169,15153140,15566295,16184324,17141058,17822005,18205468,19075102,19704191,21283910,22258207,22110953,23322230,23550318,24251381,24830664,26117734,27030313,27878651,32898610,35221365,37707678,39201369,43477734,47572917,49114209,52150974,53343988,54691150,1152838146
Canada,70585299,113468603,128969119,110429807,124891903,146336281,116805296,133990373,139774104,123151052,158125513,141696169,145380417,125486994,148484580,169970321,167978515,168732299,150220363,166723443,198747151,209166650,184917242,174885156,194182525,222600818,208861974,152412289,192943781,222855259,212122745,197642074,212832599,206066257,213881255,241962543,216485097,227632298,240317380,226852859,192179564,166453083,219501668,230100079,233072921,223917406,226844245,257855242,235214241,223597094,227679820,250993461,307362244,251231104,10154570575
Cayman Islands,0,0,0,0,0,594,606,606,620,626,629,637,643,617,644,659,678,678,689,781,730,759,920,773,800,649,759,392,788,605,957,1149,1021,906,915,765,750,870,806,812,832,829,825,793,810,826,838,842,832,784,817,828,847,844,37380
Central African Republic,2525820,2467343,2474249,2451548,2759875,2473730,2622329,2732660,2868693,2940365,3052731,3225104,3387850,3382271,3305922,3368816,3415378,3447282,3499644,3492154,3537309,3504845,3278961,3101099,2992564,3365622,2966819,3146962,3093554,3107411,3175074,3210497,3276062,3285353,3443605,3678700,3952084,4113092,3993324,4073770,4157741,4135713,4056907,4192704,4326278,4360176,4528243,4612280,4763404,4825125,5000330,5029749,5113170,5207708,192499999
Chad,4066121,3996663,4996455,4334168,3946382,4078414,4160351,4316949,4279365,4051709,3995718,3271582,3171447,3789767,3910984,4001618,4201591,4327691,3974248,4120243,3450659,3612465,4075069,3632192,5308010,4808483,4525983,5712615,4921732,5041350,5861965,6316732,4902820,7241277,6520418,6561978,7134434,8623304,8045587,6885654,8820518,8098041,9965436,7672421,11665216,11273120,11318271,11365019,9636256,17752165,10885239,18832330,15433347,15537433,362429005
Chile,12645288,12689635,13509137,13826040,13418380,15124750,15177463,15646104,13461106,15179278,15983445,15418242,12975464,14932925,15139430,14803416,17934639,15888823,17970407,17340321,18322026,17366515,17152622,20651044,20413146,21872248,22644076,23770730,26112391,25733952,26195430,28320514,28091974,29627335,31113979,30702789,30547089,31054474,28643242,29847878,33300553,34960813,35307757,36660654,37843476,37125982,31709473,33256702,32545295,35329105,38554411,35774367,38159311,35996775,1303772421
"China, Hong Kong SAR",454260,425646,366207,296069,329027,524092,609963,516631,549413,585169,610640,568075,548849,571368,526801,568180,588173,530714,572765,593521,558690,531383,530992,504734,455100,476019,431313,405188,400518,342769,323702,290268,269771,277421,277757,242083,231693,202111,175132,142136,114024,112448,113356,114959,115187,117450,117338,117776,117813,116964,118201,125686,123518,120839,19049902
"China, Macao SAR",100,70,70,50,60,100,80,70,90,75,70,85,90,90,90,90,90,110,110,120,120,120,130,130,120,120,120,100,100,90,106,120,127,135,141,150,155,160,163,165,174,180,185,189,194,200,210,208,209,210,206,200,210,214,7071
"China, Taiwan Province of",25994067,24443514,23069520,26982623,30163721,30659968,30056608,31964480,30953285,30617851,32331760,30988741,32238230,33939781,32374559,33842740,35945008,32290952,34230638,34046750,32168723,32476921,31089375,30664793,31296370,29241500,29564060,30626675,29968851,27854947,27586774,27502827,27467956,26647937,26785220,26415657,26440654,24096012,26122627,24374102,22667112,24285637,22788794,21140162,18932515,20441472,18793490,19112826,19293774,19539682,20845922,19856095,19752335,20687384,1473663977
"China, mainland",744471200,778992206,800239180,831989798,907643470,984527060,1000944440,985484484,1004259650,1084578989,1117925440,1075538560,1222707708,1228564310,1269246709,1262178856,1280486532,1424486511,1458743135,1429812719,1461867736,1583043619,1733865696,1841246547,1765531066,1845057281,1931618386,1923933682,1970058085,2141995627,2149019599,2229012353,2375191205,2390537476,2556303495,2784320263,2775979570,2925507602,3003369085,3059826682,3132814754,3265555138,3206695834,3387772196,3490926261,3564218021,3701748388,3915064117,3956293794,4106920863,4294971621,4421712879,4529827231,4596931373,119911558482
Colombia,27895141,30502874,28122788,31213453,30066179,30998947,31773373,33203144,33248373,33799618,36467954,38590676,40252445,43705129,48583788,50601793,50066423,56427854,58020813,59432764,58075194,56292099,57173427,57033386,57665307,58939030,60576192,62808451,65987190,69195433,68150210,69108763,71614524,72663211,73968877,76755546,78032641,72307688,77930680,78038925,78143912,82604817,87812970,90368276,88768464,87145487,88125945,85531431,88653025,83038111,86088881,88872033,91752285,93708651,3355904591
Comoros,260088,261243,263587,272138,277306,288630,288447,292127,294394,291782,290187,280000,307543,307325,300817,307048,306289,313833,320749,309660,297878,303698,310479,285995,292618,304091,350218,354833,365083,383370,401712,413767,417377,408591,434480,443081,438249,450910,457966,460354,468886,460188,475526,484732,493073,513959,518323,534915,536447,539089,541679,537072,553810,558869,20624511
Congo,1610248,1663134,1768009,1844447,1906637,2024343,2346479,2273685,2187175,2119785,2080052,1844693,1921944,1951232,2015876,2015264,1976819,1876267,1966172,2025437,2147279,2325577,2223898,2387177,2570321,2463436,2486863,2607255,2526665,2480170,2395779,2440831,2442216,2660075,2858972,3006838,2984255,2928508,3084701,3177933,3256802,3295075,3477900,3638144,3812583,3937146,4095126,4303567,4481071,4381639,4472301,4692984,4756150,4814252,149031187
Cook Islands,61006,59300,63245,64313,68212,73552,66911,70262,77829,77111,79349,75256,96139,87613,76440,77544,72295,67837,69304,67519,75191,67836,58300,60289,59330,52644,46210,50128,45274,41736,41182,40003,38000,32653,31853,31130,32846,37561,30865,29885,28613,26860,20992,18186,19086,19957,19450,18606,17381,16652,16133,15668,16299,15960,2623796
Costa Rica,2753614,2981060,3154568,3358919,3607996,4052753,4148421,4705177,5078855,5715726,5950134,6220461,6494236,6081074,6599155,6555747,6783174,7042483,7069568,7002419,7104725,6865607,7380190,7805731,7561146,7692564,7641826,7944658,8835210,9871668,10227469,11057306,11266255,11687756,12348652,12841299,13919597,14541177,14822837,15105765,15567051,14640331,15726745,16113579,16494157,19334768,18497352,17461593,18141022,18635733,19343647,19388631,20293774,20427085,561942446
Cote dIvoire,6806280,7945877,7974056,8377718,8525352,8973040,9356213,9717896,10177743,10436621,11160282,11079971,11868869,13072102,15608765,15456661,15120725,15985693,16865528,18138144,18826992,19485623,18570859,20507249,20341972,20783746,21387989,21742696,22264296,23561045,24100876,24826151,24873429,25688024,26276144,27161155,28527429,29233147,30125881,30692700,30737625,31214258,30629678,31582029,32661451,33905125,33234250,35175977,33311320,35488879,35612767,38687243,40193442,44390984,1198449967
Croatia,0,0,0,0,0,0,0,0,0,0,0,0,0,0,0,0,0,0,0,0,0,0,0,0,0,0,0,0,0,0,0,12332723,13858017,13602939,14529104,15055137,16564828,17474535,16696054,14291003,17666994,19558246,12708431,16330873,15335865,15571976,13649925,18135808,17011315,15154842,14296947,12705590,15320431,14958687,352810270
Cuba,59573259,40668862,35391351,40936567,54298980,41557171,55018873,49567329,47429946,86670690,58648335,50967067,54846718,58588760,57907773,59144246,66158834,75926002,83435603,70747705,74111110,80396086,77158424,85295340,75917274,76985102,79163722,83092449,89548081,90380224,87856673,75573204,50766907,50029414,41586768,51184039,49053787,43075490,47935088,54873919,52385176,55692147,47676446,50167553,35066136,28914606,30519713,32882445,32977811,28155386,29112619,32094447,34173790,36143224,3037428671
Cyprus,1377703,1697423,1739618,1534455,2196082,1834520,2336518,2215337,2474366,2219399,2841230,2576327,1957643,2462318,1516825,1748965,1781045,1700772,1824939,1867083,1896259,1907809,1855661,2015466,1968184,1788243,2040203,2214666,2375457,2183406,1768377,2360964,2480671,2003124,2353402,2222223,1485702,1717335,2060909,1559058,1837561,1965251,1971815,1877437,1636614,1558085,1499926,1205213,1203330,1226102,1385567,1279069,1137508,1026095,100969260
Czechia,0,0,0,0,0,0,0,0,0,0,0,0,0,0,0,0,0,0,0,0,0,0,0,0,0,0,0,0,0,0,0,0,35896834,33110805,33332645,35058245,34879048,33794457,34271413,32134295,35204102,32743583,28147579,39472923,35618282,30298368,32967230,37136575,35334792,31067099,37357401,31634821,34394646,40081543,753936686
Czechoslovakia,43967932,41993316,47445271,47608863,36757904,46608147,49139443,53268577,50111901,47324422,50908662,52546436,55336872,58566637,53168419,49946129,57282129,58925709,53118168,55504886,52681624,58570304,57377966,64043563,61657886,58569327,60074359,60804967,62237837,61215771,60012421,52723319,0,0,0,0,0,0,0,0,0,0,0,0,0,0,0,0,0,0,0,0,0,0,1719499167
Democratic People's Republic of Korea,17316223,17945686,19157877,19819479,18288355,19540596,18731496,18531091,20952418,21112312,22266972,22029000,24073819,25543990,27286458,28725771,30044640,30978172,31914107,31753719,33905770,32183960,33227880,35577991,36394021,38400609,39121589,39575423,41460970,42517782,49462369,47001823,46088899,41716664,27789772,24514606,26423304,32739227,31409701,29480673,33575918,34294953,35103752,35442264,36049727,35900479,32974695,34422988,34642476,34367167,34565506,35868740,36532469,37669572,1686415920
Democratic Republic of the Congo,27829172,28293206,28340382,28706353,29125758,29238691,30291157,31523584,32095674,33159889,33252083,34025431,35126656,36259101,37309466,37637439,38145602,36939494,39232213,40946601,41579287,44013390,45203110,46715718,48509158,49943120,51514906,53243920,55027746,57724161,59529576,60962929,60297560,61474571,52615429,52740169,51371794,52765106,51379145,50298012,49108794,48064531,48297585,48461942,48612468,48759083,49165115,49586069,49965668,50191275,50614416,50528371,50008950,50198202,2405949228
Denmark,25822415,27356575,27915245,31018516,29069777,28657421,29190996,31769880,31194590,29779868,32293874,32398480,31206817,34242845,30184250,28315214,35684373,35424968,36369742,33765789,35174323,38680571,30075119,43211563,38928960,38628567,34145086,39125006,41050788,44648708,42646259,33204262,38352682,35704985,40049890,40261221,41808341,41128163,39266623,41256974,40712580,39058807,39033897,39208604,39853747,36583947,35968689,39190197,42176569,37728821,38537896,41458497,40330504,42665952,1951518433
Djibouti,3122,3122,3122,3444,4344,4641,4941,5243,5245,5567,5567,6169,6494,7104,7114,7744,8350,9252,13564,50082,51460,54880,54998,61674,62986,69039,68969,62564,68327,66670,64705,67438,66861,68421,69096,69994,73072,74012,76572,77788,79835,82127,79558,83947,83593,79826,87263,90706,94145,96342,99989,114860,106289,106027,2778264
Dominica,173628,169044,170535,199505,223638,218644,216735,233715,243050,213438,205557,204660,192922,208948,217892,249017,245637,269118,203787,178670,221952,232541,230014,237105,246834,297582,331298,372992,325882,318113,302215,295971,296058,260440,238515,291545,288544,267323,259853,259778,237436,233073,213606,221109,220357,228226,236004,234468,243155,230404,233770,240150,242369,243551,13070373
Dominican Republic,11669653,12018297,11281340,11750364,9541404,10750606,10966832,9736784,12814749,13330898,14801306,14759851,15236176,15364521,14435489,16545014,16642144,16752539,15606936,14654219,15255148,17404116,17592317,16733649,14784490,14266742,15203699,14883590,14748873,12019484,12745467,12915929,13150753,11801720,11197887,12294690,12701566,11230159,11170349,11619938,13064417,13380594,13642763,13382701,13097639,13126788,13439723,12684365,14460903,15773434,15801337,16519390,17398597,17967459,746119798
Ecuador,16694141,16899053,17904939,21042975,22378265,21659140,20206404,21987737,20504523,19853984,19223029,17856586,17679748,19780934,20949287,19392260,21166079,19137304,18561686,20076466,19942769,18885640,16659007,18024351,18628191,19663937,20722163,21523440,22609805,23283179,25087701,27012393,28354761,30579995,29681354,31274465,33915701,29219775,31339390,30819356,30272925,30663641,32140493,34410601,33903464,33704507,36540776,37821936,39392155,41811274,39028098,39457455,36220485,42649827,1398199550
Egypt,38119924,45706831,47334530,47456226,48086796,50921668,49419953,53850047,55716897,55881749,57822791,58410523,59611135,60791102,64006566,66432438,62935672,66615860,69330736,70379563,71040870,73768798,74906261,75725963,80631973,86482398,89108112,89527117,92612520,101261299,104341098,108961790,110464813,112030762,121204580,128676477,133895877,136284916,146514331,153255990,147099567,155327715,159889584,163751627,173964312,178664580,181018224,191091453,195477645,180452845,188159842,200641972,195754482,204440918,5735261718
El Salvador,2923573,3336064,3358826,3382466,3897797,4292238,4170187,4365075,4430690,5006966,5616865,5321447,6161429,6404378,7234144,6568807,7102730,8012815,7812481,6978841,6425771,6077854,6985779,7826781,7729820,7662671,7383473,7345067,7193093,7834158,8497396,10023842,8969152,8167319,8756371,9684427,9572059,9964017,10140886,9750475,9523701,9248062,9132424,10062729,9701405,10501130,10349243,11607430,11562106,10436610,10969567,12659375,12842274,12399750,423364036
Equatorial Guinea,221230,230960,228520,242146,240702,243142,241162,249320,243220,251220,236441,212465,209065,198706,188427,185085,185283,186602,187422,194341,201881,207200,220119,233277,238202,245719,250940,251830,250210,338030,350470,352705,355031,357980,360659,364422,358075,352114,368442,383343,399064,414602,432211,449762,470194,488189,509161,526171,540692,559124,576908,592574,596639,606070,17577469
Eritrea,0,0,0,0,0,0,0,0,0,0,0,0,0,0,0,0,0,0,0,0,0,0,0,0,0,0,0,0,0,0,0,0,762074,1494816,996592,796007,868002,2312932,1735229,926721,1285412,627773,838210,863741,1817215,1927719,2247906,797691,1268708,1338132,1525091,1476677,1607210,1466805,28980663
Estonia,0,0,0,0,0,0,0,0,0,0,0,0,0,0,0,0,0,0,0,0,0,0,0,0,0,0,0,0,0,0,0,3925730,4532517,3405226,3334281,3683760,3657185,3073201,2585249,3905747,3120412,2696480,2728369,2926207,3601010,2941394,4072105,3797504,3946210,3230683,3647447,4304982,4410708,5123268,82649675
Ethiopia,0,0,0,0,0,0,0,0,0,0,0,0,0,0,0,0,0,0,0,0,0,0,0,0,0,0,0,0,0,0,0,0,33669830,33564364,40404939,51884916,52321964,43567858,49246326,48990582,55670437,54077954,56964356,61042811,72604628,72589744,70839687,75126816,85315245,95069126,100507000,108780285,117570048,128198494,1508007410
Ethiopia PDR,21548844,21933383,22233876,23024855,23522832,24163837,24631091,24502047,25837070,26729397,27685729,27516225,24492352,24384629,22513517,26377975,25858820,24889881,30709343,36263446,32932341,32276623,38056409,32454496,27298156,29963090,33811064,35956127,34455861,392936886,37392268,32600761,0,0,0,0,0,0,0,0,0,0,0,0,0,0,0,0,0,0,0,0,0,0,1268953231
Faroe Islands,3474,3302,3712,3058,2858,3228,2856,2966,2454,3272,2602,2352,2116,2130,2012,2710,2600,2600,2600,2600,2600,2600,2660,2700,2800,2800,2800,2800,2800,2900,2960,3042,3016,3024,3026,3022,3014,3004,2988,2972,2954,2930,2912,2894,2880,2868,2800,2860,2866,2828,2918,3000,3200,3202,154142
Fiji,1883915,2567617,3105638,3066203,2828623,2802663,2764541,3506488,3044554,3507836,3109608,2748663,2943114,2582244,2579619,2705314,3124249,3267989,4445326,3766982,4327282,4494806,2669361,4831810,3585011,4660243,3422625,3621253,4557304,4554708,3817366,3995373,4141053,4490862,4585404,4288311,3932358,2767371,4216788,4106292,3568699,3744331,3307281,3579199,3509488,3839782,3158461,2988659,2753081,2377961,2802769,2333691,2326443,2520098,184226710
Finland,10258356,7928539,10464473,9169674,11787874,10594168,11428184,11917782,12326738,14134096,14460712,14070070,13039532,12971418,15648444,18364354,13832722,14732716,15541440,15971398,11713048,15965664,18400146,17247059,17040984,16838111,10546358,14650762,18617538,20355390,16589026,13585987,16508580,16838323,16717213,17767100,18709109,13609582,15006199,19420682,17720586,18780702,17549225,16891161,19138004,17624736,18834125,18892383,19342494,14269772,16870672,16073442,18142784,18292860,833192497
France,162415939,186042905,187077253,182482867,197146881,181141771,202800461,210694567,204465411,205864584,222730563,226610872,249622753,235762792,214731608,197100220,224972772,249989487,254527295,264316931,256782238,272303712,251277266,296654660,295876144,271963762,288067917,297455825,297691661,291448423,304075141,316884293,294572136,278161279,282515306,316271335,326004788,336221204,327805966,326475106,302690428,341968600,283254071,344317310,318261741,303848069,300237847,332975549,343677732,319840427,325284035,330413375,327303814,357079915,14720159007
French Guiana,54757,60524,53310,38817,39190,35566,35625,38873,34273,33575,50212,48269,43197,44917,43928,38422,41995,49915,54116,52342,51276,51639,73431,75580,85972,97981,92662,110385,148517,169737,189453,177067,202206,213307,197397,218640,205503,208067,194171,192821,221472,197721,203369,210798,196808,201867,194598,190021,175536,186255,213138,227470,238429,242542,6747659
French Polynesia,243036,275676,267476,261118,234902,234892,218598,210527,275963,258776,246020,225182,184837,171114,250472,230410,195268,181277,192782,237659,211362,235718,166035,144028,194225,191552,194246,172413,171319,189462,166672,163861,167505,165833,177000,169574,171069,136423,148843,165223,159010,177209,176773,172598,190464,187970,189266,182159,166401,173676,176967,178377,176416,177545,10583179
Gabon,732461,725912,716295,706775,731409,718295,730968,766827,747400,762953,821838,836719,888795,901171,928911,969917,1123705,1226867,1305959,1412392,1392050,1376255,1432937,1440853,1464004,1554125,1605330,1674245,1678374,1698183,1872829,1790218,1745414,1760936,1796858,1856271,1865553,1946084,1888076,2024747,1993620,2025520,2031218,2011661,2050234,2068321,2121808,2164693,2214016,2253061,2354863,2327961,2410331,2382714,82028932
Gambia,563292,586387,534762,554520,584217,595538,547235,614191,580591,617159,642330,583616,634429,530684,504553,467381,399812,525788,352393,413227,582859,674807,519682,578100,653780,652666,635025,619281,672237,549643,653024,548492,601387,590652,594816,567101,618730,627012,875400,997821,1119756,758000,1058026,1191185,1090708,1125831,822558,1195890,1468137,1680982,936946,1159775,1107154,905268,39264836
Georgia,0,0,0,0,0,0,0,0,0,0,0,0,0,0,0,0,0,0,0,0,0,0,0,0,0,0,0,0,0,0,0,5477779,5015749,5449734,6025658,6064480,7137931,5571179,6687052,4579919,5805914,5593563,6467531,5736772,6601793,3048840,4127341,3729954,3505433,2614081,3663152,3520033,4556803,4166999,115147690
Germany,155267304,188499320,195511890,189235969,171768212,179815500,207063645,204309838,183844819,187010233,194481758,200479568,203266666,216425795,193062682,175287679,203451237,213102593,207479473,199758110,203337555,217349545,190555156,228444037,229773252,224841849,215163027,221496391,220769207,217297246,207925402,194946390,200755530,195345191,211046299,223718977,233747082,233334443,238525926,245399905,252991688,229288244,205893653,261231963,236380828,220277103,217378465,246968865,252934701,223456727,222475282,235071599,235230776,263334689,11525809284
Ghana,10836662,10829031,11140574,11555581,11773928,13021720,13640432,13545416,13973902,15651826,15644932,15127478,16170601,18048577,16747990,15202045,13427617,13239218,14116596,14000460,14416197,13484038,12965334,18211345,17478408,18685643,19539494,20716800,22120031,17149692,30636993,29123429,32670427,31092289,35090015,37969264,37485355,39791591,42188823,42634519,44930935,50713484,51833661,50941398,51957663,53008179,53266732,60238456,65498151,69135242,71692799,74463471,78019666,80121822,1666965932
Greece,20415242,20049884,20222552,23516269,24183784,26321475,26927842,25583542,27445712,31231210,31194090,31466671,32511125,35754391,38647235,36891035,33731897,39728475,38330743,43763428,46515198,46598386,43964248,48663048,46089310,46699456,45819731,47764129,52044329,45091983,52879315,49884780,49159913,51321596,49828877,49967038,49526332,47664475,50059095,51315836,51334414,49211508,46210672,48696145,49045548,45570992,43214657,44871273,44290087,39227924,42942282,43749643,43109941,39509400,2209758163
Grenada,92323,94423,101537,95518,120607,123366,136633,138152,129450,117641,105372,100930,89956,79628,92629,101463,102096,112958,113466,98924,98078,93477,89477,89963,87340,87239,96124,94271,91550,90662,92021,88407,87121,87139,85105,78832,71986,72423,74057,74904,73324,74461,70833,70866,60912,69592,70330,69585,67233,69203,70303,71161,70948,72476,4858475
Guadeloupe,2381490,2366427,2241970,2326746,2327211,2365747,2109753,1884864,2252008,2264780,2221708,1553752,1818279,1646806,1456195,1543444,1419971,1520271,1504570,1281948,1199330,1322767,1068460,980615,1038082,1187155,1201993,1385079,1238853,716250,1062899,973042,1213604,998638,731817,912397,1088104,864455,1220017,1157117,997409,1158492,1091378,1266110,1254250,1089769,1093569,1011900,1027680,1027170,1030426,969792,828015,1049632,74944206
Guam,23219,24752,25146,24981,27772,27867,32607,34750,36038,32439,33848,35636,36547,36876,39916,37520,43654,50294,48548,45904,50902,51584,54829,54973,56508,58533,59821,61694,62621,64232,65465,67245,68751,73153,77125,82036,82296,82565,82963,83472,83360,84668,84926,86578,86760,88233,89480,90002,78863,82290,83136,73097,72109,72605,3195189
Guatemala,5507319,6174661,6604912,7081535,7065010,7437390,7579875,7954317,8520772,8799314,8732452,9624398,10577281,11214468,12253893,13708833,13793590,13045376,12607136,13703480,14815146,16333186,14942214,14743326,15623649,16625524,16565789,17346924,18638012,20905377,22025795,23156653,23298030,23292524,26893669,27573918,28777244,30870302,29955618,29978540,30920344,31794458,32004687,34695750,33631926,35655668,41545308,42367975,44437317,45294342,44389710,48706701,52842375,54955107,1197589120
Guinea,5849364,5937817,5465401,5831544,5587138,5932557,6191690,6246595,6294295,6468005,6681119,6500328,6614322,6661792,6754948,7118272,7190160,7208674,7338046,7420915,7495484,7544284,7644378,8008630,8120909,8306812,8368554,8579395,8978304,9453521,9798024,10127233,10563746,11096793,11333801,11663956,11976020,12360622,12815607,13496037,13432721,14039015,14702135,15426470,16101177,16621813,17396137,17765453,17458040,18679605,19183510,20258386,21053034,20920969,570063557
Guinea-Bissau,760469,773685,715719,692980,667454,653668,653032,637675,590298,577456,545871,571026,542981,609475,685159,756965,776370,726450,759855,797491,877053,971991,890457,986745,968725,1063252,1031585,1037495,1036766,1068852,1092523,1082819,1133549,1167581,1221957,1176355,1144055,1176761,1237304,1343604,1341835,1307674,1279480,1408495,1584327,1638572,1469129,1659752,1617903,1767417,1660860,1866839,1861504,1639224,57306519
Guyana,4413426,4494570,4117157,4079535,4345656,4353346,4621476,4246052,4929907,4544669,5059805,4321764,4031510,5030453,4632267,4704902,4455688,5303338,4758866,4764677,5118200,4912018,4366423,4267627,4242407,4393424,4072593,3852566,3462214,3395646,3888353,4160310,4309038,4557118,5041765,5091661,5129662,4755798,5176422,4560613,4966671,5311413,5273575,5481688,4532422,4661273,4729661,4479289,4691157,4753614,5211958,4803120,5107855,5594417,249561035
Haiti,7557814,7619901,7794567,7849336,7916466,7956481,8087136,8057375,8288828,8493553,8738959,8898066,8589747,8711179,8645460,8786836,8659406,8773787,9038409,9177547,9194399,9257316,9345947,9117039,8999476,8772429,8541817,8318987,8192886,7585721,7603394,7562846,7268437,7122283,6928383,6853208,7201781,6812356,7124404,6898566,6686295,6395614,6460252,7015903,7380471,7368994,8152102,7733845,9109429,10136663,10392553,9819157,11400121,11815306,446209233
Honduras,4082628,4075445,4071298,4478469,4535430,5171882,5791901,6168856,6478988,6410029,6806455,7185698,6894254,6455726,5667974,6432698,7329792,7855370,8214238,8707570,9176955,9103031,9075097,8950404,8814365,9015346,9213640,8907104,9446431,9819616,9665637,10044797,10506434,10290085,10710289,11895329,11610414,11185065,9667684,10189990,10843866,11344678,13811685,14129681,14876585,14981456,16241814,16095459,17059982,16876480,16826659,17215760,17906769,18372309,536685597
Hungary,36312921,39702439,41836298,41916841,42184106,46574206,46021145,46489762,53715835,42931422,50768408,55519454,58963500,63012250,62620063,57426873,63692193,66918733,63180024,69003150,66767927,75257284,67450184,75289479,71211208,70788432,70582367,74085380,76018783,64165483,77985740,51951318,44965186,56662955,56383095,59202689,66879034,63504211,59681515,49649789,70787890,56869664,46106943,79394105,74726401,68410876,47702600,76287269,63286543,55776148,62991818,49578385,62521573,75820462,3237532359
Iceland,28043,22130,20130,19376,27766,9859,15883,13719,11510,13242,25772,19634,14661,29476,15316,17004,18815,30314,16156,35065,25978,32851,13762,43493,30856,38322,41241,25573,21244,22568,35857,27458,24326,29361,22791,31452,25908,32457,27124,29049,33079,27200,24746,34786,38631,40364,38922,39045,33456,39338,29653,34983,25128,30182,1455055
India,526483944,524431085,523230383,546194542,529991784,536959712,556084646,587398274,632827922,675766095,667179877,638222990,693971813,670984555,749026919,738848030,797133597,843450424,778511113,786044907,854681859,855240689,960831861,956085315,951449251,954853050,949086930,1055166776,1126643471,1134390144,1152111792,1217173660,1219535722,1240653992,1293030701,1339453131,1374686358,1386548060,1473799286,1459943486,1493815359,1359679566,1487224068,1396069455,1462975358,1565356528,1742434949,1774763131,1663637714,1794631383,1930951565,1982870141,2017137707,2064592326,59694247396
Indonesia,102545552,111064152,102255205,115196226,110365714,113013794,106208888,121069920,121081951,127623571,132147209,128979553,143403258,150547809,147064346,145697471,151570580,166741492,171148947,181579417,198208713,191481647,207868394,224469611,225049752,239931944,242765932,260393061,270421296,276170633,276044092,303221411,304828065,305783834,335099086,342282567,326657394,336143774,341246713,350589545,356257386,370922641,395797466,420207227,446573914,460125776,470869468,504175182,534226730,551002242,555482930,594993405,602126853,614557518,15085281257
Iran (Islamic Republic of),23326643,24067596,23957612,24694666,29995018,34201348,33245147,37052319,37229160,37900484,36177010,40821435,42712431,44505591,50746515,54804378,52586821,54061957,54781035,57436912,63930997,72765574,70762593,75580002,82184201,92442772,91775664,83466399,79956654,104655300,100665157,115850386,116615471,117897088,120238628,123609261,124937771,141042648,129299282,121400230,130344127,154909330,161108585,168311757,178843369,180499154,189414369,145364320,169724997,179808455,163680185,164966569,168748963,174915430,5154019766
Iraq,10143233,12401803,9461718,10622525,12365107,12483625,13830773,15882103,15344065,13967797,13255910,20205986,12531969,12928240,11845230,15341617,14186018,15656963,13437846,15509161,16633089,17961646,16639096,15837283,24201334,20705365,18021947,21261164,18759428,26266680,19120450,22410506,25422515,23238400,22936545,24961815,22333005,23862494,21719924,18990212,23863873,30918879,24756388,25350209,28060139,28532968,27123240,21098761,21796969,27957172,29181796,30152303,37329103,36124966,1084931353
Ireland,10668268,10988966,10128103,8723804,9029580,8793423,9697700,10228000,9676200,9690800,10655900,9303211,9554600,9342500,9588194,9517394,12477390,11211862,11454875,11774656,11461037,12631048,11164346,13608022,11249935,10600357,11750121,11271000,10478640,10753277,10572453,10876353,9055271,9419826,10163012,11427027,10091277,9890332,10653650,11420104,11111236,10055691,10991137,12725000,9940352,9103575,8935634,10449452,9065138,9112381,10652950,9118963,10739217,11304961,564348201
Israel,4134428,4380272,4908275,6081842,6068639,5645482,6821957,7150164,7126386,7427792,8611114,9426579,9466160,9529732,9399098,9361390,9489732,9285290,9228573,9438896,9483205,10333150,10648279,9679171,9888460,9385391,10496360,9030319,9705257,11619740,9149156,9389715,9381043,9297379,10913864,10588685,10236184,11041851,10552372,9978643,10025776,10439614,10369009,11163654,10837815,10411267,10978973,9940352,10697552,10306061,10533919,11270333,11257601,11247869,503259820
Italy,126616519,128623517,130814386,136725691,139205680,144039838,152958726,147541503,154081184,153249002,150076237,145471715,150547641,153680540,159439915,157993046,148625617,159260348,169782389,172644250,174158562,166188914,177417916,175969960,168514067,178897162,174516295,166838122,173135400,162248121,173875745,183545588,174648113,172557086,170650747,181359795,174686501,178572882,188014984,185465088,176552056,176201424,158829461,191111065,188150009,170965751,169437038,170327576,161870755,160176925,163804753,149497397,150457164,155669147,8825689313
Jamaica,5831836,5656026,6160076,6364352,6535733,6745861,6276052,6050249,5517374,5698092,5947477,5971249,5185029,5440065,5160550,5233205,4954077,5512642,4823738,4631015,4305069,4209389,4086191,4362051,4220454,4182303,4088744,4517034,4056791,4327209,4537816,4662855,5029553,5166714,5179267,5546639,5002688,4765411,4880258,4323487,4637271,4324983,4323160,4322756,3557772,4105163,4249462,3787246,3648217,3709561,4028047,3936980,3832633,4102610,261710482
Japan,123013925,127085684,127895479,126359946,127407953,129177018,135378057,141220954,132885407,126232978,118538178,125512754,123117198,120060600,124651073,119063821,127952746,124145935,124551674,114882741,115746031,119995446,117470681,121639674,122623563,122947146,120225867,113985784,115307470,112899353,106299037,110624506,96422667,109432411,105348779,102044014,102715874,95507550,97177235,96767178,95665976,94496262,89531882,90809488,92562178,88630636,91447965,91714629,87776538,83768178,83931866,83318893,82676356,82880452,5963525686
Jordan,2799353,2403720,2412618,3796863,3635965,2243687,2662823,1429489,1768463,1063332,1546350,1929306,924828,2055502,1222002,1078483,1221189,1923325,1396199,2235478,2040658,1974433,2372139,1997006,2786223,2302436,2948867,3197800,2870998,3794136,3303795,4120630,3373199,4228385,4664699,3372141,3667909,3739070,3296057,3852889,3408695,4830846,4493877,4971752,5276667,5395180,5102910,5144272,5594231,6399130,6890037,6443089,6748793,6827879,181179803
Kazakhstan,0,0,0,0,0,0,0,0,0,0,0,0,0,0,0,0,0,0,0,0,0,0,0,0,0,0,0,0,0,0,0,111353595,83524625,64485152,38898152,44314333,47272435,28129098,55191634,47781457,63684970,64765299,61747962,54383334,59711171,67563803,79388833,65365225,83687438,57188666,106371280,64657659,84169677,82236224,1515872022
Kenya,10087539,10852120,11721512,12058305,12127902,11611957,13371685,14973319,15457563,14916884,14627867,15397272,17129277,17853925,18119443,20695192,20988653,20218058,20725824,20584743,20801028,23627561,22911504,17603959,24058439,26332162,24096623,26344492,27350751,25964217,27843434,29365614,27371334,31043195,30069808,27627012,28273032,30178578,31471764,28219841,32901860,32081288,33443027,32504337,38866576,41166153,40067005,39068227,39868222,46184226,42237263,47801749,48657155,47098230,1406018706
Kiribati,98900,90850,81800,86900,116270,113860,131040,95460,97420,103100,119360,88740,118285,145290,86130,114510,116060,135760,123850,112250,142750,132340,108580,160880,161980,174000,185990,198638,136238,110506,135764,138813,138926,139953,140637,164260,164929,173356,174863,161937,162880,164027,165345,206532,207745,243524,252450,254780,255326,112832,113229,112256,111881,111868,7695850
Kuwait,12038,14571,15950,18670,22010,24996,28616,34060,40684,44256,54050,48246,70023,94525,72860,79369,89168,90726,96918,113894,130037,115453,110809,135410,247719,331145,386020,453952,447619,323033,93155,175708,258348,279386,339105,385792,427906,513727,543434,588110,648923,633954,712945,724603,738097,818291,840606,854953,1058231,1118593,1140264,968923,1188922,1448556,20247359
Kyrgyzstan,0,0,0,0,0,0,0,0,0,0,0,0,0,0,0,0,0,0,0,0,0,0,0,0,0,0,0,0,0,0,0,8332809,7255647,5579507,5375653,7288717,8773664,9516183,10704499,10829304,12054711,10933756,11965451,12554202,11369974,11376400,11458196,11471410,12932680,11756118,11948595,11684950,13064187,11903627,240130240
Lao People's Democratic Republic,1905052,1839957,1861418,2466205,2506500,2548164,2722209,2641262,2986483,3025726,2788523,2817906,2992395,3058882,3039640,2473472,2640787,2727973,3232970,3771748,4102392,3975902,3994689,4622635,4791108,4929704,4392849,4096162,5134522,5568575,4690090,5462725,4930184,6001932,5150286,5344042,6088220,6502033,7911422,9698116,9755991,11094661,10726505,11329114,12392323,12988327,14751177,16593604,17793702,18686817,21055754,21913971,23679582,28849468,393045856
Latvia,0,0,0,0,0,0,0,0,0,0,0,0,0,0,0,0,0,0,0,0,0,0,0,0,0,0,0,0,0,0,0,7965300,8555796,6502080,5371406,6540254,6781451,5891705,5346129,5627966,5608625,6416933,6111475,6307111,7352224,6517384,7599200,8014216,7775616,7013982,6884520,9375928,8637122,9694100,161890523
Lebanon,2314737,2414055,2429309,2626305,2512645,2646383,2877239,2822681,2472156,2781646,3076921,3424920,3139459,3577281,2973289,2900906,3018314,3206444,3358914,3378655,3317622,3603914,3634610,3545657,4138879,4495842,5173684,5411581,5834503,6254789,6897515,7134017,6790367,7087266,7756172,7975758,7618950,6638160,6738720,6304362,5818002,6053475,6141827,6703187,6525326,6017098,6519170,6669107,5694679,5910151,5617841,5756823,6057678,6089966,259878957
Lesotho,941900,925200,923200,918800,903518,932930,914634,891962,880792,775902,836113,490400,676400,1126976,706295,558738,1108517,1239510,1036131,892088,815621,649576,642560,680543,828504,703373,759839,1126365,994120,1144957,466680,578457,827898,1137394,557293,1267234,1071644,924649,966438,877431,1269655,872899,751793,735434,754723,785089,618174,636698,617629,1017362,762558,470240,802500,816910,45612246
Liberia,1402631,1431315,1462286,1484385,1527642,1566875,1587058,1639417,1664678,1786550,1887530,1880814,1888185,2040347,2015925,2120774,2198418,2178418,2190242,2197558,2262968,2342784,2322430,2281373,2415294,2456390,2602740,2746776,2613454,1928348,1787158,1869831,1714647,1683912,1582752,1793233,2244145,2423168,2534416,2705954,2687976,2605219,2590987,2634686,2773581,2816679,3103709,3229551,3178762,3200179,3229779,3336610,3277861,3205869,122334269
Libya,876695,988835,966144,917166,1261096,1296990,1464469,1471555,1591131,1217465,1225516,2093800,2864792,2651470,3139496,3449013,2486334,3275109,2986148,3282039,3476756,3615308,4188678,3723727,3683180,3876740,3886232,4024758,4284279,4287700,4315022,4038672,3976632,4080028,4227370,4345154,4726250,4673308,4802978,4833089,4591726,5060668,5141875,4854806,4975890,4909592,5066953,5083501,5120533,5357878,5557836,5743768,5617235,5526349,195179734
Liechtenstein,0,0,0,0,0,0,0,0,0,0,0,0,0,0,0,0,0,0,0,0,0,0,0,0,0,0,0,0,0,0,0,0,0,0,0,0,0,0,0,0,0,0,0,0,0,0,0,0,0,0,0,0,0,0,0
Lithuania,0,0,0,0,0,0,0,0,0,0,0,0,0,0,0,0,0,0,0,0,0,0,0,0,0,0,0,0,0,0,0,11880206,15893971,11616526,12442546,16185978,17457127,16443008,13238216,15447674,12877252,14476270,15413371,14737289,14343982,9607406,14342105,15658185,17282095,12789642,15319836,20264808,19058868,21633160,348409521
Luxembourg,0,0,0,0,0,0,0,0,0,0,0,0,0,0,0,0,0,0,0,0,0,0,0,0,0,0,0,0,0,0,0,0,0,0,0,0,0,0,0,687107,643114,748702,703540,789822,694858,697549,649883,804065,787259,692008,636093,637512,706452,713710,10591674
Madagascar,9618298,9961616,10364371,10837412,11025149,10994916,11361105,11885757,12640353,12762908,12720996,12730523,12747178,14269053,14120046,14688040,14289006,14193377,14479493,15006306,14796179,15163078,16502132,16610065,17011987,18112798,17521862,17530034,18448284,18629113,18441649,18509492,19312244,18911310,19219923,19516460,19915646,19538146,20193399,19906935,20640812,20119813,20527402,21378882,25426212,26144475,26582829,27493123,29702320,30149866,30439350,31692153,27863562,28554058,981201496
Malawi,5147158,5379738,4907132,5675676,5693498,6016401,7546020,6903929,6866736,6182367,7901240,8408904,9043131,9070959,8277431,9072573,10115496,10259192,10176500,9776258,10313715,11187154,10491171,10720617,10543920,10525194,10110299,11089898,11394250,10887622,12176643,7934192,13334834,9922204,12965146,14805027,13630258,16926813,21087750,25461990,25436356,18818271,21765306,22344945,18884509,28168736,33021680,31723502,37284242,37259720,39204287,41543995,42982661,32971789,839339035
Malaysia,8319568,8459370,8939936,8792609,9529708,9698122,9832915,11366312,12424789,13731077,14922904,15946914,16992330,18935038,20498582,21405065,22548997,23879458,26947634,29175962,30988160,35495942,32115099,36728423,39640574,42066964,41556878,45149380,51867370,52759395,53059865,55474520,64014826,63032368,67136811,69637960,73730391,68439688,82288383,84231932,87396835,88422536,97400217,101347857,107495075,112840843,112549139,124679249,123813436,120781995,132524717,132248928,135571743,136250207,3015084996
Maldives,48297,50969,53194,55777,57863,64440,65908,67017,67658,70862,73267,70043,75266,76208,88937,80534,86514,82314,79352,88405,89189,92631,98094,100769,102242,103533,100312,101711,103937,55441,54786,56748,63979,68052,64046,67692,60289,57697,51080,59321,59202,59154,76235,89182,57524,51910,43392,44288,39602,35980,31107,27313,25293,26559,3621115
Mali,5346796,5586130,5266932,4845378,5082240,5274120,5707758,5252124,5979489,5340497,5339575,4648078,4895380,5922797,6648962,6398464,6049167,6608881,6103691,5779745,6690249,7080783,7792827,6490826,9028779,9216096,8834928,11379748,11018944,10073668,12645435,10224272,11691380,12763496,11954933,12036091,12048633,13658497,15160557,12217723,13696642,13854556,17618878,15374835,17751383,18335971,20186990,22356669,29365369,28649953,27477959,31206186,27366494,32773371,640099325
Malta,183481,183946,204903,194269,169471,165921,181622,191362,220929,170577,194294,209260,205575,210981,214111,233869,221908,200747,228707,252334,228077,242487,253413,232004,231884,235524,238806,239634,255527,259309,252915,264174,273535,292886,303528,392247,352767,386594,377662,378444,358826,353189,337992,360338,342155,369018,345111,371801,329694,352754,364226,333370,344130,358082,14650370
Marshall Islands,0,0,0,0,0,0,0,0,0,0,0,0,0,0,0,0,0,0,0,0,0,0,0,0,0,0,0,0,0,0,27830,38720,30250,32065,50820,42955,39930,28435,22385,5614,4936,17230,39882,24684,28435,35090,45829,59290,54148,32912,28556,31944,33880,33880,789700
Martinique,1599405,1572408,1674068,1243092,1527903,1515417,1335021,1199227,1189975,998366,1080599,1147436,1007462,1058317,1009430,1060100,1116012,1121374,836993,622402,792694,801019,808694,864690,856586,916983,829121,838983,896351,895469,827568,880741,854703,751290,832340,983410,1027088,967168,1040986,1089532,982293,1097914,1005258,953784,890078,809900,647152,693621,753420,781892,839789,704033,729607,713572,53272736
Mauritania,447969,455664,473295,480971,524684,473651,476636,492447,552030,454014,309819,253197,191277,294231,286571,268611,209861,262707,246911,284460,333591,324290,257620,282638,517651,570677,661522,754697,799006,459532,492087,477255,723173,922901,987259,1015575,702520,789146,823119,790214,583204,520844,782195,515192,760247,746241,792259,818783,789271,1114970,769345,1307203,1159479,1286293,32069005
Mauritius,5039755,4752347,5884346,4488737,6125036,4987542,5975372,5301485,5968398,5244687,5401850,6440791,6373610,6105585,4440483,6536074,6153382,6398862,6442462,4690530,5446066,6732294,5414509,5195345,5782873,6226717,6399501,5692288,5630261,5760244,5829183,6010594,5664223,5079971,5492890,5561999,6123304,6088797,4158630,5438864,6153103,5175813,5515442,5605021,5263065,5039795,4515034,4791963,4979665,4684161,4546079,4277007,4141341,4362473,295529849
Mexico,68935617,73181150,78766495,92740882,102612413,107545270,107732436,111306141,109865413,117105489,119806215,118837304,122462961,121091799,130498658,124164545,133317155,147220078,134882504,156908545,169719281,156646006,165589452,171642466,185167136,177742766,184720781,173133660,175465823,189963649,182712667,196522250,193737136,198331741,207079018,222577000,219658229,229200464,226462221,225487039,246103042,234330533,249503761,257356765,245304459,259140648,271113246,279145447,254558732,272789972,246065348,273569762,285072955,298324845,9802919370
Micronesia (Federated States of),0,0,0,0,0,0,0,0,0,0,0,0,0,0,0,0,0,0,0,0,0,0,0,0,0,0,0,0,0,0,180,188,188,192,92995,93474,93550,93598,93340,93379,93405,93418,93417,96819,99800,105351,106830,104827,104360,82025,81378,78876,85340,97269,1884199
Mongolia,465000,1102100,1084300,1239400,1104200,910100,1118200,764800,480000,973600,1259800,709300,1629400,1130100,1718900,1372700,1480200,1315800,1302900,1078700,1251400,2029200,2902752,2290152,3206392,3225500,2659269,2963357,3166000,2671398,2108963,1709100,1649584,1173680,981950,836042,939876,858930,765276,688546,692450,617246,848862,745436,603237,890295,835004,1167073,1733706,1656874,2047573,2282772,1908945,2265527,78611867
Montenegro,0,0,0,0,0,0,0,0,0,0,0,0,0,0,0,0,0,0,0,0,0,0,0,0,0,0,0,0,0,0,0,0,0,0,0,0,0,0,0,0,0,0,0,0,0,845008,729977,909251,975910,974039,1030058,867706,317218,314434,6963601
Montserrat,3230,3471,3296,3105,3144,2613,3213,2921,2937,2985,3188,2887,3015,3211,3255,3181,2979,2929,2637,2655,2573,2380,2435,2560,2571,2602,2676,2762,2729,2883,2982,3061,3157,3274,3349,3417,3493,3558,3633,3698,3762,3835,3930,4001,4086,4189,4323,4434,4553,4607,4850,5124,5129,5230,182698
Morocco,10779270,18287633,20105030,19552168,20098795,15192409,20006050,31908967,23346056,24748957,29104053,28282345,21575006,29061114,24210952,32092498,21181311,30265748,27616843,29256658,19963973,30983731,26638640,28178320,34771904,45544117,33432753,48153777,47880329,43159561,53486387,30748098,30896854,55231361,24334324,58755601,37159150,48408820,38439110,30443773,38366776,44013821,55680084,59625022,43664507,63748007,38541810,48649561,66945768,59729486,64602364,51764234,67491014,60468241,2006573141
Mozambique,11502749,11789149,11610553,11797226,11766163,12094461,13061575,13434562,13767103,14122491,14741700,15416580,16093843,15440483,13886755,14607137,14516440,14213524,14351249,14564885,14555546,13912950,13232784,12938398,12896372,13330245,12500460,12320596,12770710,15306729,12491156,9866011,12674253,12387096,15701876,18009503,19804809,21184918,22304770,20494041,21930052,22510626,24908703,24946198,21018011,25249165,25491167,25630838,28851701,41069221,43814621,28855022,27129500,32060368,964927044
Myanmar,24035806,27263130,28265826,29770712,28504459,25130235,28479479,29401932,28937833,29787696,30213415,28554428,32246379,32033989,33261067,34104232,35007618,38504394,38717388,46660703,50687754,52670255,54854723,55345622,56512045,56894608,54771358,53059601,52078135,52366984,50839596,56605392,62795942,66416249,68025879,69693011,69270280,71733467,81614728,86023743,91791790,92741951,99138577,105920842,115044587,128215460,133254076,139792597,141584373,143373024,135789416,123430909,126765828,129157370,3557140893
Namibia,451776,478790,483232,510200,531300,543500,556300,569300,580400,584400,596900,605100,622300,628800,648000,650200,672700,681700,695500,706200,724000,738500,767000,793500,698200,774565,740180,804890,862977,873489,947614,567642,757570,951148,765127,888285,1320615,873311,913122,1135711,1127111,1139019,1166953,1337080,1372043,1629732,1414059,1380638,1376234,1457845,1459995,1669648,1379787,1570468,48174656
Nauru,2223,2223,2223,2313,2595,2595,2595,2595,2786,2846,2907,2907,2987,3098,3208,2110,2745,2946,3167,3388,3619,3669,3538,3221,3420,3498,3542,3612,3636,3885,3988,4085,4172,4251,4331,4403,4477,4550,4624,4628,4689,4755,4816,4880,4943,5004,5066,5128,5189,5232,5000,5342,5477,5531,204658
Nepal,11290526,11327931,11505184,11669148,12122076,11564879,11611937,12016687,12501883,13052516,12757450,12322122,13667298,13976031,14294823,14086049,13733458,14223662,13133033,14942220,15615541,13857304,17704514,17916066,18411285,17710323,20267094,22592195,24275513,26332891,25594599,24691469,27383398,26678485,29024296,29619764,30170513,30393774,31522081,33784052,35050411,36024977,37157886,38750520,39952574,40592272,40480664,43618923,45240442,45714331,49561174,53516169,50798953,54716948,1350520314
Netherlands,24449786,24749512,23765283,27073034,22689753,24381696,28954674,28387257,27890565,29059433,29905601,28500899,30100719,29952579,28212015,28649000,30443477,32451833,31481078,31144114,32908721,34912035,29602133,34440883,34071303,36147511,35856529,34938929,37295130,38746423,37065714,41310811,40815755,37410767,38424405,40625870,38959483,32233358,41658372,41630260,38091769,39166756,37905115,41759529,39224478,37233610,39095003,40754534,42587386,40653820,42717171,40344732,40561292,43031584,1864423479
New Caledonia,93316,91319,94711,108489,109722,117120,98107,107547,96351,90860,96907,105574,107521,98000,89242,85584,87062,86427,86130,108277,95647,96067,104686,92696,96324,89964,84172,83401,87814,82346,75890,78218,78830,78431,80232,79208,81111,81708,80738,91776,93914,89360,95261,102313,106542,99564,106895,104736,91223,94659,92308,95714,95501,97364,5042879
New Zealand,2762029,2741048,2958168,3375582,3323133,3282953,3399104,4382088,4790816,4106834,4571613,5227781,5160921,4361314,4607300,5428999,5534726,5426398,5321768,5269859,5405212,5942645,6047274,7329269,7742704,7836017,7434097,6657746,6331747,7469400,7302529,7339308,7925035,9371631,9276013,9815073,9600440,9042087,9240722,9519423,9444153,9458763,9300186,9432861,9319873,9069323,9714344,10176164,10626499,10184866,10211931,10944424,10712982,10696470,381953645
Nicaragua,2882460,3045286,3035797,3477969,3613282,3500750,4032037,4197687,4306202,4325506,4519806,4123633,4365225,5148043,5228958,5216926,5494122,6069680,5674097,4719884,5481823,5850667,5749237,6100685,5660489,5708560,5374537,5196928,5310752,5617895,5683929,5803224,5564311,5750178,6745767,7458249,7224300,7198394,7300592,7859948,7518592,8106105,9660416,8680125,9294825,9556791,9583397,9154937,10466392,10106799,11158911,12993643,13544878,12094206,351537832
Niger,5224648,6168249,6468544,6501649,5601312,5871921,6892530,5256577,6942192,5758881,6277289,5824140,4123374,5759880,4887147,6977979,7505747,7873260,8499694,8802525,8495135,8620145,8604647,5777906,8617061,8962750,7270495,11258222,9243013,10569426,11667609,11328673,9892649,12280049,10646562,11850290,9480896,15992438,14464753,12405090,16547133,17690895,19172185,15195114,19626946,21745892,21895907,27166800,20104969,29440628,23515357,30319027,28562144,31080463,656708807
Nigeria,83717061,86814327,89894350,91191319,95838851,88040382,93666320,95364468,106774080,115457805,104625636,88863586,98137637,108381889,104168822,96042541,93855721,89860439,91919520,96193177,95674417,99384335,97363956,108377216,116369414,130935161,137539100,154217797,167564801,179371449,205964708,224187345,236071782,243682871,254943860,258061460,265268150,275411446,285188200,282500355,278661100,293854839,310412954,332178159,352970447,382007658,353888576,380507987,313187735,358297578,335881846,361420805,349854316,405288632,10545298386
Niue,6489,7295,9257,11049,9592,8965,8561,8221,8178,9304,9692,9537,10046,11842,10909,9903,11285,11168,12432,11811,12323,12344,12586,12329,12423,12717,13162,13366,13740,8770,10323,10890,11468,11651,11903,12316,12521,12699,12871,12239,12237,12298,12553,12522,12481,12475,12733,12312,12185,11972,11910,11987,12255,12298,610395
Norway,5665614,4396002,5570039,4773728,5398294,4946366,4840677,5909730,5098232,5785673,5648562,5253229,5695903,6779607,4592045,5115755,6284236,6509882,6015166,6567929,6389157,6668382,5909897,7324803,6730466,5788532,6368719,5945433,6352169,7815462,7131227,5450704,6758056,6370739,6018010,6526720,6397179,6503251,5915671,6023409,5981242,5680450,6141308,6792276,6033124,5674878,5671016,6571949,5270274,5705200,4956518,5224019,4841328,5895959,319674196
Occupied Palestinian Territory,0,0,0,0,0,0,0,0,0,0,0,0,0,0,0,0,0,0,0,0,0,0,0,0,0,0,0,0,0,0,0,0,0,1097791,1090881,2471981,2699308,2580734,2521306,2716508,2731754,2843411,2724252,2700393,2829968,2872479,2852925,2956179,2545924,1747942,2192235,2490274,2692402,2618484,51977131
Oman,200200,203800,205400,209100,209400,212600,216450,219100,241350,242200,245950,252450,274050,279600,288100,304600,351200,367325,419626,536979,731193,884533,906757,900716,839813,866617,853867,848400,872050,952850,983600,1025630,1066631,1100845,1110390,1125440,1164100,1271828,1403087,1366053,1454234,1319088,1288121,1396115,1296873,1283873,1372864,1452064,1632529,1854789,1741062,1675195,1980464,2013282,47514433
Pacific Islands Trust Territory,140860,143930,151066,148785,146031,148488,137581,121498,152935,196614,200173,201902,172060,174595,212420,189730,250749,306370,310974,279378,248991,213657,222480,235150,260110,260724,261135,213145,212355,212764,0,0,0,0,0,0,0,0,0,0,0,0,0,0,0,0,0,0,0,0,0,0,0,0,6126650
Pakistan,41967767,46100805,51286675,50363266,54319841,56514915,60628099,66592075,70825534,77190011,73174858,72410853,75284321,79245843,78233332,85205987,92063198,91237896,95695589,97490607,107310287,112417678,110894773,111652893,111688743,118465823,128634267,120883595,131995023,132127949,135786485,139467228,144297197,148827597,163100612,162177468,158839683,178905981,182671089,182428921,168215796,171850970,182574326,194684904,200277106,195151818,213009794,223770123,217519617,206678822,220888062,214266948,233607894,233898920,7074799864
Panama,2886609,2876184,3057715,3283108,3417557,3295334,3633890,4522042,4738113,4415909,4694403,4424658,4696648,4888031,5226396,5312091,6024037,6328241,6311156,5780970,5579704,6033389,5662363,5648157,5532588,4974433,5624845,5356464,5458999,5373392,4810735,5319940,5144123,5446826,4998561,5175680,5031653,4835874,5122961,5014360,4694268,4912402,5090133,5200698,5374413,5556827,5803115,5858046,5101349,5347731,5249942,5281083,5323054,5769183,270520383
Papua New Guinea,4091316,4230709,4336839,4454176,4524881,4708265,4749549,4886329,5006468,5146757,5255054,5439690,5487997,5809362,5889311,6098916,6210644,6407432,6377476,6598661,6751823,7139394,7372547,7780775,8016391,7826890,8074884,8197291,8061801,8157094,8414733,8955527,9289911,9054786,9219638,9732813,9736730,10043815,10628284,10968011,10610283,10818562,11008513,11213898,11288281,11587800,12789201,13144170,13339301,13576625,13707831,14234136,14590134,14580312,455622017
Paraguay,4925324,5178631,5404242,7010340,7415748,6996502,7392217,7125765,7328811,8479512,8033449,7453991,7599706,8770406,8803374,9735512,10844522,10906349,11326721,11727312,12838635,14398988,14468042,15488909,16913966,15860846,18064053,20179687,21001978,19821889,17573970,18105702,18611633,17866700,21945553,20309447,22792813,22712671,23979572,20513916,25853011,27467474,31333093,33162191,30707893,35189109,39974459,38140725,32344911,46932318,49503617,37941661,55348217,53447742,1073253825
Peru,19808450,20253517,20440805,21897990,21979642,24125245,24654370,22018710,23454125,25961872,26561859,25620784,25590558,26315358,25823904,26023711,26201584,24329612,23795082,20861493,22996191,24855093,22537737,26150434,25781675,26044335,27638515,28550350,28944253,24045818,24751601,21345344,24503256,28534063,31069166,33865303,35593701,35610204,39687075,42524990,42455671,45310513,46382864,43292509,45256839,47565563,49357110,53793177,55893021,57430537,57478648,61910272,64083703,64609257,1785567459
Philippines,53998189,57719935,60455268,61962384,61752757,61679242,63995064,64550792,67857532,73817523,77115168,74057620,78720784,87669712,97639387,106156958,105066097,104960311,107450844,108214536,110529704,115788535,103187523,108963072,106054500,110910227,105975010,106803241,114085746,125350888,122122445,126678888,128712249,128598268,125691311,132664383,133162399,120826147,129920419,134280838,139584392,142569318,148611313,157247902,157938053,163545758,173117298,181369639,180277064,172401945,179538926,188423908,181401074,185186347,6316358833
Poland,176500448,150525292,172205956,177055958,173740226,182413072,188960216,198364200,185252002,191178002,181322466,203225259,215832842,210431168,199309648,210945246,187547505,208553519,197566826,148626780,195443662,179142754,188850051,206060579,197841276,210343059,205313403,198913192,207749059,216155341,197040815,153160615,199706176,159731522,183655093,188506813,174489231,190139384,170997172,167432944,175164545,165584676,149258602,177415933,157677325,135927119,162398223,159570895,169008769,150623858,153384385,164396683,160175903,178638592,9809454280
Portugal,15943531,17957336,18485356,18219436,19009586,16511783,19937232,20100234,18431621,19674358,18973863,18711805,18783961,19108712,18319447,17375105,15199372,15375588,17243913,16765692,14305164,16724221,15149060,17634401,18043714,19624753,20326351,16557269,19947928,20045992,20876268,18139030,17751086,19283683,19546981,20633622,18795136,19666755,20814048,19340273,17913524,19076255,17515846,19679149,16291993,17535568,17256698,17662245,17495251,17333380,17268919,17688458,18419432,18961225,983431609
Puerto Rico,10642341,9659654,10141707,9852992,8998600,9572282,8337440,6838098,6203887,6204467,5015333,4800012,4058540,4029802,4004919,4080197,3661624,3361395,2905442,2865050,2724531,2301678,2164344,1939855,1971331,1854104,1923323,2134045,1923872,1476474,1631179,1501917,1526323,1202741,1026009,937554,829776,802496,490675,705720,614384,640771,665460,710225,589677,591192,610256,620163,632886,647065,668935,680837,684556,697044,165355180
Qatar,19000,28000,34000,40000,46000,52000,58000,64000,70000,73000,79684,79921,881,1000,1108,1918,54354,62843,73719,61902,72326,77933,58230,69052,74471,81713,87020,93800,107528,109982,146514,159555,156336,158247,186654,197699,247433,204497,224619,234526,161115,158144,120132,121327,131878,178934,213916,181469,168090,186501,157878,153148,175433,180035,5937465
Republic of Korea,30587015,29189293,29878153,37332080,38712902,41409196,38093357,39586956,43859090,43204860,43622268,43174614,42640964,44168677,52979375,59264477,57365409,65335533,65222257,51710229,58164788,59356689,58103842,59089640,57565227,59283140,56356287,60039734,62476115,60216597,57462909,59523088,59980755,56885268,61182125,62491360,61761779,59968649,62601543,65708339,67235495,60631987,58647992,63424264,60901895,60237571,58288769,61104225,61621000,54450472,57609207,53398349,55896578,58727405,2927729788
Republic of Moldova,0,0,0,0,0,0,0,0,0,0,0,0,0,0,0,0,0,0,0,0,0,0,0,0,0,0,0,0,0,0,0,15347981,22124722,13339747,17503303,14367359,19591435,14508548,12914865,12219491,14660059,14771640,12240099,16633424,15801747,14448933,7180115,17182086,12777635,14242134,14782629,8664994,15416452,17089543,337808941
Romania,63084922,54145832,59573708,62277475,64491448,77841474,72858097,72812401,70536203,59217783,79936801,90997925,76561283,79496969,82873247,109575190,102190289,102046499,106681588,103715292,97512868,118345124,108577914,122283986,117769345,111943128,94661005,102540198,100699909,85791013,94916366,69895643,85083907,91212013,97812937,82642416,106923548,82737228,93366343,62361377,95302880,80400692,82066600,123247021,97178388,88075245,51814135,87906389,83025769,89166671,107710431,69454760,106319144,111641183,4791300002
Russian Federation,724665212,718641361,614223523,851718588,733790484,885521847,859434338,942605615,878308016,979854066,948661035,877855065,1145760269,1010370465,826274289,1135578946,1029244909,1169678089,983968913,962506958,864736187,1003909718,1045605390,986760912,1005645037,1091909343,1080172941,1001246239,1083920525,1116255399,901642070,523015116,491519217,410087907,368499352,378790681,441956262,280889241,314644318,359405926,426409834,427802587,385889643,419836399,427463108,443604797,435024861,516934761,476251132,322184089,506302397,420447330,492415066,535085427,39264925200
Rwanda,4431127,6249209,4320320,4212668,4598582,4986904,6102656,5990135,6310253,6866937,6901416,6825287,7105560,7087740,7789086,8182263,8544949,8758118,9688726,9622085,10488829,11043644,10594916,9726636,11384109,10273963,10299912,9873111,10963655,10548316,12421694,12631484,9379830,6529205,7179990,8169100,8826616,9525452,10562919,12787348,12570363,15583577,14095896,13858503,15041371,14917980,14722003,17165115,20459373,22390295,24537990,26082517,27245032,23998160,600452925
Runion,2529905,1828168,2046592,1897871,2369563,2147767,2285722,2380609,2542395,2038060,1822078,2305047,2303893,2170256,2130779,2357790,2400685,2559208,2576426,2301342,2526169,2661781,2215866,2366830,2278277,2348277,2460070,2534214,2025882,2107142,2362082,2352646,2049835,2040915,2182011,2178917,2271800,2029500,2282976,2196647,2164601,2111994,2232330,2303497,2156327,2232079,1942023,2143071,2253261,2225610,2241636,2196073,2058408,2091281,120818184
"Saint Helena, Ascension and Tristan da Cunha",0,0,0,0,0,0,0,0,0,0,0,0,0,0,0,0,0,0,0,0,0,0,0,0,0,0,0,0,0,0,0,0,0,0,0,0,0,0,0,0,0,0,0,0,0,0,0,0,0,0,0,0,0,0,0
Saint Kitts and Nevis,428473,404399,364938,391875,355921,362321,341283,334457,255320,339735,285251,257689,223300,229343,228662,335650,361737,371622,393537,361535,347130,359246,286036,308372,273676,269913,268308,280621,261238,178942,209099,289285,228048,191633,193281,216594,319754,254564,205858,199731,200020,201818,202082,269134,108837,9083,9707,10433,10115,9752,13283,12990,13092,12374,12851097
Saint Lucia,288761,295996,291959,290003,342845,329850,328417,325127,317314,251880,255092,260756,238137,266176,223913,245928,237529,270467,264849,232447,229227,239387,262301,290631,330601,402777,350692,453640,410108,443089,376070,431109,440475,344828,396043,373760,332037,269239,232568,198251,158555,187079,152357,145490,112741,125968,119487,145972,136401,101695,92000,87924,68306,69755,14068009
Saint Pierre and Miquelon,0,0,0,0,0,0,0,0,0,0,0,0,0,0,0,0,0,0,0,0,0,0,0,0,9,18,9,30,45,90,90,90,90,90,90,90,90,90,90,104,107,113,127,123,129,129,124,138,147,147,150,153,153,157,3012
Saint Vincent and the Grenadines,202450,206123,173729,182341,163019,159118,145474,150382,151277,141848,151805,143309,146616,137722,125400,144606,142817,165358,163655,163365,191202,192864,203625,251000,294085,287631,219187,302786,265399,281442,247018,285580,250286,163583,203909,191732,158048,173989,163660,168413,176191,185640,193091,185806,208458,212420,216586,218210,224599,252477,221808,214015,212606,225236,10602996
Samoa,283226,306060,312579,330016,298411,279681,245093,295339,324784,288528,353871,346451,332267,358325,349311,341525,357198,331998,391712,406092,376456,446869,401639,371356,401599,415043,388875,375449,350197,298018,227100,236014,235904,229574,275112,288882,292704,307640,287798,300067,309315,319702,323799,322501,329387,328790,321299,335114,360241,361451,367143,357496,352262,360434,17787697
Sao Tome and Principe,110829,116089,102124,113967,116628,106662,107587,101205,102556,96892,99591,99800,100924,100988,88970,88233,101567,93203,104269,89349,90189,97609,101356,96345,99021,100617,98451,93874,93894,94271,99764,122194,124376,137964,131629,155220,182979,177778,182469,197455,207159,209525,210304,209831,220567,219449,212821,217826,214621,217159,187426,190811,210525,224714,7471626
Saudi Arabia,2348678,2394164,2522103,2591525,2798555,2961465,2817766,2889053,2993729,3232313,6318151,2845147,2218269,3932735,4407247,3570664,4199897,3752037,4392249,4128180,3932143,6415929,7180560,10098585,12774320,13447316,16429951,18974495,19916804,21358300,21619627,22674232,25099398,25481511,18936811,16354510,17443419,16792333,15437178,14814155,16875300,17724697,18445422,19998713,19590186,19663132,19368289,18115936,15372516,14613264,14427735,13432371,12978998,11042055,624144118
Senegal,4355625,4436679,4830071,4968624,5250598,4711671,5825820,4335135,5276735,3764350,5247182,3264680,4335295,6155269,6402212,5785637,4003214,6640528,4696697,4661889,7486614,6035308,4355974,5107936,7370189,6484348,7440857,6341206,7338566,6621632,6613713,6076244,7160459,6789273,7856323,7279788,6515463,6476989,8938799,8558114,8374241,6517646,10116472,8944840,10366717,8167784,7556248,13327514,12808165,12806320,8770203,10748417,9668384,10151120,374119777
Serbia,0,0,0,0,0,0,0,0,0,0,0,0,0,0,0,0,0,0,0,0,0,0,0,0,0,0,0,0,0,0,0,0,0,0,0,0,0,0,0,0,0,0,0,0,0,45633064,35963552,46182382,47799749,49483143,47950233,33647310,47183422,53518408,407361263
Serbia and Montenegro,0,0,0,0,0,0,0,0,0,0,0,0,0,0,0,0,0,0,0,0,0,0,0,0,0,0,0,0,0,0,0,37542833,36149751,41373996,44998901,41024539,51291199,44135416,43899403,28573422,44774644,42927468,32653037,51260022,49718197,0,0,0,0,0,0,0,0,0,590322828
Seychelles,45956,48818,47096,59269,48849,53266,54366,53510,44896,41713,35697,35662,34203,32638,31953,30161,31961,30152,35646,34888,34873,30924,34810,28965,26126,24160,21759,19276,18154,17952,15435,14239,14750,14211,15449,15942,15578,15549,16034,15887,16072,15629,15582,16434,15248,16106,15478,15604,15877,16473,17160,18468,18632,18201,1471737
Sierra Leone,2147157,2294788,2330846,2458910,2553832,2668592,2715959,2603700,2829174,2723983,2744581,2783690,2782675,2881597,3037086,3076252,3147209,3207068,2901346,2983634,3050242,3206285,3115747,3223263,3099231,3360727,3223034,3328582,3429976,3546412,3555747,3460197,3504157,3423268,3226872,3445561,3622640,3226534,2840526,2749238,3350875,3980809,6992842,7612492,6770792,8394769,7844723,8379061,10825664,12331331,13153305,13512745,14320755,14677071,252657552
Singapore,150452,149306,150466,152552,181917,190504,187714,200821,200949,203613,285086,296257,237709,172662,164956,176139,163890,163569,150116,146959,158870,153764,129107,118198,101931,78238,64707,43018,28823,33184,18005,19068,16425,15951,19207,22264,25392,28700,32004,35310,38592,42201,49736,53515,56752,62303,57292,57114,58962,65985,69066,72369,73593,76492,5701775
Slovakia,0,0,0,0,0,0,0,0,0,0,0,0,0,0,0,0,0,0,0,0,0,0,0,0,0,0,0,0,0,0,0,0,16624940,17188728,16656766,17512164,18463471,17027043,15441168,11698445,16125418,15706380,13106417,18189987,17426059,14702964,13375689,18516495,15527047,12310592,16857569,13477015,15116723,20656340,351707420
Slovenia,0,0,0,0,0,0,0,0,0,0,0,0,0,0,0,0,0,0,0,0,0,0,0,0,0,0,0,0,0,0,0,2346471,2648120,3202593,3264450,3310645,3412439,3587487,3350584,3393651,2920360,3686366,2595126,3675073,3547355,3131971,3065482,3179799,3060888,3134809,3331362,2943986,2518306,3412151,72719474
Solomon Islands,332274,336142,347855,356697,357547,349795,354620,337854,372014,404649,414472,403225,409548,418581,434691,456924,476868,510382,580519,594289,658132,650964,645516,731190,759468,732416,567860,596551,628847,620891,655210,716024,719396,719840,806167,824123,853307,871884,826498,844202,811370,814740,824027,937861,1050178,1090813,1159808,1206614,1152788,1175187,1167603,1216607,1240975,1256953,37782956
Somalia,1673328,1684440,1690059,1681191,1781602,1835200,1973660,1906271,2060357,2149426,2120489,2540427,2010219,1954006,2074309,2055264,2025724,1990533,1957683,2110129,2578786,2832469,2650292,3085709,3310267,3487371,3582309,3920628,4123253,3599893,2155140,1789940,1652586,2652210,2181637,2190045,2260457,1831484,2263236,2677102,2838159,2940142,2823252,2667717,2568036,2213441,1967710,2149592,2172327,2697833,1759670,2842802,2836604,2271305,128847721
South Africa,42539555,45443008,47687517,42005504,40495366,47758160,74064196,51143606,52715278,54239420,70556140,75241023,51309313,82674228,74313128,71454827,79789999,82726608,75269447,81414520,105514823,79803311,53101383,67059364,77688098,78972395,83732907,83335257,97306890,81983613,82766592,50159900,78949602,96797351,64342913,94631253,94588495,84157458,85190326,103411592,86624578,98333671,91971821,91636086,102114705,82026460,82018695,107604614,103359928,102384140,97223664,104509399,107328940,115901579,4259372646
South Sudan,0,0,0,0,0,0,0,0,0,0,0,0,0,0,0,0,0,0,0,0,0,0,0,0,0,0,0,0,0,0,0,0,0,0,0,0,0,0,0,0,0,0,0,0,0,0,0,0,0,0,0,6209342,7036215,8732268,21977825
Spain,80271921,82097881,89361566,83759820,84247041,89079559,90716280,96672573,98855950,96286698,110394398,109467789,115232126,119031381,124703206,119681259,121996800,135117554,129293817,146766581,117031413,128940528,130012278,159509181,159867105,144258256,167020991,171249332,162802729,164292688,158053406,145809766,150797591,140221384,121662253,173191783,170148411,177487547,162918737,188188319,163753058,179155327,183552182,194151306,148511868,171179484,185864850,183129084,161550048,169560862,178221762,153116459,196129802,178148666,7662522656
Sri Lanka,7510547,7911266,8162090,8650162,7601549,7717478,8850847,9315130,9257992,9912476,9664477,9497531,9469012,10935322,11507699,11548371,11592163,12534828,14458713,15366666,14727754,14102698,16079879,15336273,15942833,16267645,13647250,14871872,13820619,14969170,14059710,13757941,14579441,16101354,16340501,14222206,14594486,15121427,16066440,16321437,15374325,15494640,16125684,15037927,16685544,17598717,16965088,19419093,18897503,20766183,19635607,20150498,23199335,20029147,757774546
Sudan,11948858,12147714,12876683,11755355,11360052,10600142,16261995,11400042,14883206,15662753,16017818,14988911,16476932,18555134,20011289,21531574,20646441,21728676,16181716,18886810,25797963,18676827,20954186,17201140,28259957,26736697,19240170,31852870,18934597,17474387,30018729,33827888,24458331,33728235,27664450,36398576,33664702,39078336,29934757,31024017,40678029,36425364,49258208,40192258,50820350,49532851,51544019,46808665,49021011,39776580,48890970,36540275,51048885,59824030,1509210411
Sudan (former),11948858,12147714,12876683,11755355,11360052,10600142,16261995,11400042,14883206,15662753,16017818,14988911,16476932,18555134,20011289,21531574,20646441,21728676,16181716,18886810,25797963,18676827,20954186,17201140,28259957,26736697,19240170,31852870,18934597,17474387,30018729,33827888,24458331,33728235,27664450,36398576,33664702,39078336,29934757,31024017,40678029,36425364,49258208,40192258,50820350,49532851,51544019,46808665,49021011,39776580,48890970,0,0,0,1361797221
Suriname,389341,458546,485711,473758,622200,650110,724705,720809,702640,766488,735438,708501,761336,735758,785500,770818,830469,869887,950974,1007034,1095562,1119425,1029318,1144566,1142255,1113727,1019877,1007491,1012147,862256,999621,1087499,986017,1004116,1086391,967646,962733,812431,835390,802490,881330,719932,758584,773118,781211,887091,894905,925992,1047661,1072516,1073548,1062093,1214439,1255070,47588471
Swaziland,991906,956440,1060684,1207765,1371809,1684185,1910514,1857665,2027421,2391091,2324909,2502715,2354138,2681096,2724385,2805983,2717924,3116417,2972047,3665019,4142256,4167396,4151449,4693082,4628029,5064132,4828861,4825608,4751793,4869223,4736536,4806481,4415651,4632005,4442204,4749992,4740060,4776321,5299269,4791678,4786741,5350899,5375406,5582981,5970992,5722899,5586333,5710228,5777510,6007121,6184431,6314456,6524482,6481846,218212464
Sweden,21255103,19681572,20249440,23276992,22574963,18968405,23414795,25077573,19614878,25012880,26384131,25134140,22934077,30683635,24668529,25888243,26523319,28331373,26447565,26196182,28456402,28659048,25759188,33166531,28045391,28239223,24389891,24683831,27495790,30657992,24300534,19738411,26160514,22382890,23552264,27959676,28156188,26591600,24283965,25938549,25018915,25471454,24531890,25569618,23832108,19968032,23209372,23853509,24692446,20349001,22455986,23794178,24047106,25848330,1343577618
Switzerland,6821701,7389446,6917159,7361830,5908755,6836638,7999727,7185609,7280602,6859760,7720710,6646478,7582369,7360611,7555424,7086222,6611780,7748441,8290201,7480170,8334521,9304260,7891668,9362236,8594308,8144593,7374526,9886066,9880522,9275022,8968151,9628162,9509932,8639027,8662805,9905058,8875229,9337137,7892850,9321173,7903102,8481231,7108045,8605735,8076264,7551783,8252875,8205113,8584048,7414342,8836380,8001854,7100852,8615984,436168487
Syrian Arab Republic,7814790,13099735,11397849,10935235,10679469,6198150,11080190,9726272,11107805,7205453,9245378,15521164,7129732,15999223,16438674,19816273,16029018,19180079,15851271,27004235,27087560,23069397,24514108,18167224,22709139,24391251,20254727,31920403,15343279,21586100,22490274,27892368,30465673,31429523,34074638,34502398,27622969,33881786,24999009,26655556,38612186,36843153,37597523,36138345,36790464,40031063,35377589,27330692,35419580,32447379,37388272,32693914,28734417,22775401,1262697355
Tajikistan,0,0,0,0,0,0,0,0,0,0,0,0,0,0,0,0,0,0,0,0,0,0,0,0,0,0,0,0,0,0,0,4637601,4364724,4163509,4043139,3920501,4342567,4101485,4187824,4741529,4888535,5996508,7051361,7793691,8022929,8387499,8836270,9299777,11535088,12071236,11655266,13008754,14618927,14175454,175844174
Thailand,46678138,50475271,54593479,52815560,55332878,63753341,56777652,61603131,69511420,72455032,75740851,69476562,89103048,91307300,102691841,114598324,116819678,133663291,122147140,132871325,143032889,148608792,153751346,158789511,165355316,149341856,150927080,176118107,188663541,166188370,181251637,188772729,182245046,184207839,194696806,207473700,207612142,195798542,204882208,225997393,227551099,234281520,256967228,250402017,228932949,239138571,273733270,279238556,283151429,275195846,310699698,335676354,332730847,326084662,9059914158
The former Yugoslav Republic of Macedonia,0,0,0,0,0,0,0,0,0,0,0,0,0,0,0,0,0,0,0,0,0,0,0,0,0,0,0,0,0,0,0,5081332,3844821,4705256,5101251,4717593,4808165,5125616,5148671,4896875,4380909,4552818,4430417,5292294,5195324,5185841,4706061,5433863,5567619,5645213,5547827,5096756,5562982,5870282,115897786
Timor-Leste,344968,348292,338582,316009,316776,347565,354603,378355,401984,396947,373406,363736,416336,455075,484726,505661,541964,561323,586003,599865,587804,593851,601217,640920,639598,640192,653501,659349,645969,755452,853256,816652,947914,982782,936607,915661,826195,609156,716888,815580,763464,875555,800215,821647,888795,979816,807476,948215,1209941,1204110,766479,874972,949595,959985,36120985
Togo,2471132,2501354,2660349,2740786,2865677,3130187,2968070,3029623,3091274,3418131,3540872,3215769,3308505,3180535,3264380,3110237,3005347,3363995,3697507,3619113,3625448,3566265,3288143,3998541,3964604,3914499,3801010,4478404,4841692,4951503,4608049,4641917,5487053,5416506,5654621,6224281,6666779,6135194,6827338,6532190,6974361,7021829,7162624,6988336,6900277,7315067,7355521,7717012,8522025,8574886,8951390,9965858,9368466,10479178,274103710
Tokelau,2195,2871,1429,3560,3232,2552,2264,2456,2453,2493,2551,2380,2471,3822,4185,2376,1772,1540,2147,2399,2641,2897,3024,3030,3157,3284,3534,3661,3792,3937,4068,4195,4320,4387,4470,4551,4625,4698,4765,4833,4899,4892,4866,4982,5053,5126,5203,5286,5372,5473,5560,5693,5693,5716,202831
Tonga,336816,311620,334480,329064,335602,369452,380676,350923,359797,320546,331145,360900,338865,363140,385835,376847,360069,310114,307488,334732,322336,251772,255848,257288,246881,270569,239146,222882,227675,228995,244839,234100,314331,280226,239462,241630,236352,216547,216654,220114,218020,228584,222651,222549,222746,244870,334984,323429,321837,318412,316189,308691,310560,313099,15772379
Trinidad and Tobago,2955403,2575599,2836541,2720096,3017872,2793984,2664053,2950095,2948658,3060416,2803669,3065108,2462964,2448538,2205216,2814024,2348115,1956557,2086640,2073805,1641348,1568439,1309127,1165272,1294263,1434342,1384590,1522369,1511119,1789955,1627672,1635023,1551623,1760356,1670405,1729123,1709208,1347315,1514948,1650843,1292782,1628085,1139459,834693,715654,1157268,1112666,299118,274359,259683,268622,266219,269396,268228,93390925
Tunisia,4306611,5402647,7064283,6023218,6851546,5508668,5265870,5528107,4926068,5612946,6828526,7876572,7888550,8208533,9317457,8571856,7991227,8213614,8565697,9594809,9824084,9031038,9360566,9810214,13636124,9587812,13805830,7756770,9273271,13825909,17856061,15950969,15147322,10021135,9772276,19773776,12035064,15171504,16781983,13728138,13546358,11705218,19094028,18524030,18602483,17662602,19090281,17625487,21541670,17797110,21552101,22397147,19884713,23200139,653920018
Turkey,82793822,90024093,100579104,94043602,94446495,102521865,106873182,105501630,108303245,108241335,126978567,121845526,107549108,116883992,136986730,151790675,149678478,153569816,163523540,157862413,166094487,174038100,168112996,176263023,182708137,194805664,198558992,206419731,177682161,209531093,217457585,211195201,218142253,203770188,213628192,224413884,224454328,250945440,234706836,247391726,229425138,245557712,242397038,251169760,267052041,260463429,236436690,244511879,262640019,260302225,272200693,268258965,284958326,267237217,10072928367
Turkmenistan,0,0,0,0,0,0,0,0,0,0,0,0,0,0,0,0,0,0,0,0,0,0,0,0,0,0,0,0,0,0,0,6607873,7612214,8117664,7975531,4401386,4845992,6868208,9014331,9671829,10102033,11885344,12835636,13707474,14730130,15726545,14802991,13130543,11310940,9957220,10235863,9941201,11326057,10224323,235031328
Tuvalu,5809,5834,5859,5884,5899,5914,5274,4891,4387,3935,5525,2302,2100,6582,2653,1980,3136,7015,7367,7055,7025,4314,4675,4785,4835,4769,4295,3830,4067,3586,5730,4439,3938,3730,4126,4161,4086,4234,4043,4508,4281,4598,4796,4666,4813,4850,4945,4927,4960,4903,4960,5084,5284,5229,256873
USSR,724665212,718641361,614223523,851718588,733790484,885521847,859434338,942605615,878308016,979854066,948661035,877855065,1145760269,1010370465,826274289,1135578946,1029244909,1169678089,983968913,962506958,864736187,1003909718,1045605390,986760912,1005645037,1091909343,1080172941,1001246239,1083920525,1116255399,901642070,0,0,0,0,0,0,0,0,0,0,0,0,0,0,0,0,0,0,0,0,0,0,0,29460465749
Uganda,17715489,18097854,19697329,19971675,18296737,18421859,21436459,23449030,26757134,35334547,33595632,34206706,33467826,35673079,39132348,36947629,36511326,35328004,25424296,25297512,28495702,30413226,32687069,29268195,30250225,30738127,32662651,34551486,36771043,37442627,38097465,37906103,40208851,39326215,41539082,38682809,40114290,44835582,48454144,49646941,52354229,53911370,55025800,54486262,54517052,53675008,54678450,53599880,55383767,53475382,49936592,45817152,45743270,45876252,2025334770
Ukraine,0,0,0,0,0,0,0,0,0,0,0,0,0,0,0,0,0,0,0,0,0,0,0,0,0,0,0,0,0,0,0,225010592,261047227,205894686,203495713,166416572,198558824,159603893,146710309,167450685,211313184,207887885,159165643,238132468,223087056,222991497,193162817,286028328,258449834,237878492,328823198,290929936,352252045,358533605,5302824489
United Arab Emirates,20520,21690,23010,24180,24200,26870,33618,36818,45948,62371,64183,50573,68066,139241,146697,171181,206925,321509,430799,512301,608381,899260,1060385,912079,882782,778492,724849,803512,1071624,1155785,1510757,2044920,2205452,2308223,2755611,2912745,3771887,3855919,6400480,8574238,3354152,3017160,2459449,3031428,2922826,2283030,2333672,2664098,2592999,2816794,1487542,1208219,1269817,1485764,80595031
United Kingdom,65336406,72887823,73854612,80027271,84257404,81867037,88253905,82777488,83128531,83945816,91335520,89480423,91135652,91879765,77859860,75083742,96421735,98124622,96839442,104575372,102268844,115677964,107341880,130233294,113585785,119798178,111347894,110173855,112527581,112882782,112489117,116504771,105786795,102912071,107418692,121040520,119274558,113119100,114320370,115693010,99339073,112468481,106499042,107557249,104307727,101416372,94815057,113281343,107840798,102797257,108119879,95545458,102734711,118156830,5448348764
United Republic of Tanzania,15120820,15644161,17543055,17173221,17584442,19294946,18781909,18165710,18936390,19073429,19091435,19386840,21720406,21998872,27681903,28181775,30762046,30851377,34486229,31561325,32925822,34926222,36809283,37519803,40585666,41065336,39931426,38481810,42927661,41976864,41260988,39471577,39603928,36735573,41613960,42707549,37283768,41325782,40080484,37862520,42142238,55909500,41256613,56718439,53234901,59535743,60067343,65135586,61329362,73263430,76337914,79130541,86607836,95821367,2134627126
United States Virgin Islands,104000,137000,128000,209000,150000,0,0,0,0,0,0,0,0,0,0,0,0,0,0,0,0,0,0,0,0,0,0,0,0,0,0,0,0,0,0,0,0,0,0,0,0,0,0,0,0,0,0,0,0,0,0,0,0,0,728000
United States of America,835762197,839136498,889530874,827142413,931866319,938485137,1036727070,1025324218,1045698675,973473261,1179600354,1152318117,1202844053,1053494048,1252474366,1276542384,1343581043,1393716734,1513186945,1346009611,1596097573,1612453970,1079641442,1521426716,1672447484,1540520843,1421767742,1103978146,1439139798,1539856142,1444029553,1735035763,1350958777,1800772981,1462726429,1707451329,1733156497,1783485098,1737532569,1795759426,1712479229,1610909777,1775018921,1985344051,1871195149,1779860221,2049314457,1988026033,2087314093,2010277853,1944930919,1836040945,2147414127,2217310031,80150588401
Uruguay,4377625,4500696,4261993,4892247,4841739,4816757,3539574,4186183,4974380,5145606,4950960,4249448,5796862,6335427,5845847,6794560,5269566,5289392,5397961,5508356,6644809,6017838,5999517,6101255,5888451,5639699,6137008,7027779,7271644,6413330,6156051,7874327,7140667,6984055,8126275,9533867,9140724,8977714,9493057,7672060,8054899,7612063,9029844,11352071,11023879,12269482,12985641,15349286,17955494,16724680,19242302,18432217,20707419,20250040,446204623
Uzbekistan,0,0,0,0,0,0,0,0,0,0,0,0,0,0,0,0,0,0,0,0,0,0,0,0,0,0,0,0,0,0,0,30616376,28538757,28653835,30048095,29226106,29766860,30270311,32234938,31025916,32301953,37091343,39347103,40548420,44030498,47929397,50349698,53166124,56830213,60151755,62297572,67114857,71417078,76155304,1009112509
Vanuatu,344615,339702,375953,393618,324724,368678,426837,375005,398944,369442,399691,281229,322688,419506,405745,432583,502162,524050,517858,445139,545920,478841,507931,581484,523506,552034,544529,502255,429674,574295,457764,451167,436721,445277,464237,489661,586550,620138,490463,453980,487558,439794,446646,470269,473568,475467,482458,485644,489235,651143,623311,624189,673570,599891,25527339
Venezuela (Bolivarian Republic of),9252044,9749305,9908807,10712642,11730527,12285573,12922310,13053145,13581050,14665900,14753821,14557982,14001232,15439351,15810763,15178090,18009662,17146077,17810969,17766392,16940658,18041271,17156862,17721381,20108628,23959822,25428339,26583022,24277794,22834081,25161300,24475757,24595652,25614120,26009694,26212976,27758352,29470203,30403097,33441942,33766605,30815716,33791405,35316839,36243534,36418051,37422540,39395064,35207698,31317568,32590415,31502159,33744128,32810392,1244872707
Viet Nam,39850814,42492479,42292827,42954875,42283615,39329783,41196280,38840121,40184995,44177955,45110375,46257186,47672158,47840571,45891038,54509649,53837613,54462998,61003552,64332825,65817538,71365025,72609251,76797961,76286770,78353957,77451158,82876166,88169964,88171746,90806138,98541805,102893162,107463957,115652453,122277354,130218995,135303236,148317190,151451101,156131197,170165609,176238685,183249238,186424043,191507608,196215511,205742962,203894862,210958124,219240363,243789142,254673877,261045318,5774623175
Wallis and Futuna Islands,27191,27266,27321,27438,27513,27568,29114,29164,29675,29787,30067,30169,30389,30649,30910,31269,31395,33830,33926,33829,33811,33794,32897,32777,31599,31620,32177,32716,32855,34415,34732,34699,34916,35092,34614,35116,35126,35154,35415,35997,36443,36446,35836,36894,37384,36572,36264,37939,38326,38866,39414,39932,40858,42726,1811892
Western Sahara,0,0,0,0,0,0,0,3080,3048,3400,3680,3480,3880,4000,4000,4800,4800,5600,5600,6000,6400,6400,6800,7120,7200,7600,8000,8000,8400,8800,9200,9420,9600,9376,10000,9372,10400,9376,10800,8000,9048,7776,8376,7600,8812,7276,8000,8284,7996,8000,7804,7400,7600,7600,337204
Yemen,4342702,4458283,4568258,4659268,4676846,4360782,4335939,4287507,4246562,3964955,4758695,4338600,4940685,4756289,6162042,5720792,5185787,5000467,5347043,5321560,5378579,5245256,3792156,4054263,4009463,5265448,5232796,5769994,6184690,5684118,4238541,5860136,6125497,5792214,6010552,5564262,5744506,6823015,6356333,6487294,6775884,6325719,5873440,6006241,6448562,7752978,9023184,7993526,7917322,9565326,8233479,9090825,8626547,7859751,312544959
Yugoslav SFR,51217838,53932163,59175740,64121065,56687701,74337840,70046009,65622979,74790032,64494676,72500946,71631646,76095368,80592983,78558049,83781430,87864833,74926846,85089925,83585477,85088072,93887149,91545684,94329646,83626769,96820342,81514781,76950441,85837194,74272256,97579985,0,0,0,0,0,0,0,0,0,0,0,0,0,0,0,0,0,0,0,0,0,0,0,2390505865
Zambia,3942253,3891603,3612440,3998798,4178918,4618499,4654565,4576618,4711701,4237357,5803767,7162826,5836874,6745066,8548218,9270239,9100434,8130647,6164381,6473497,6752142,5894579,6783752,6754697,7874685,8446012,7939628,11730567,11521156,8560068,8754975,6269121,11086874,8833846,7530943,10538635,8761807,7625258,9067840,9440848,9080132,8654936,11210955,11471890,10474276,12906875,12616933,12093912,16824315,20894746,21894151,21769302,20600049,23199480,499518086
Zimbabwe,6167334,6416449,5806630,6315290,6889665,7703850,10025807,7267546,10616699,8606277,11952503,13954112,8146885,13946928,12793752,12925917,12688152,12550834,10081545,11944553,18263238,13924542,9732517,10913228,18998692,18258921,11250303,17739182,15973709,15343198,13664569,3763024,12619662,16881262,9677913,18402133,18044572,14512396,14867299,17164796,14859566,9569292,12270098,15355922,10793484,13782069,11649431,8266658,8585633,10972229,10456110,11445606,11000538,13655927,649458447
