product,_1961,_1962,_1963,_1964,_1965,_1966,_1967,_1968,_1969,_1970,_1971,_1972,_1973,_1974,_1975,_1976,_1977,_1978,_1979,_1980,_1981,_1982,_1983,_1984,_1985,_1986,_1987,_1988,_1989,_1990,_1991,_1992,_1993,_1994,_1995,_1996,_1997,_1998,_1999,_2000,_2001,_2002,_2003,_2004,_2005,_2006,_2007,_2008,_2009,_2010,_2011,_2012,_2013,_2014,total
Agave fibres nes,34600,32950,35000,35124,35721,36562,38548,39648,39436,40703,41831,45181,49018,53000,69731,62790,65344,62365,62951,69684,63213,65416,65092,56571,55123,56844,58814,58253,65407,63199,78453,58958,64753,64673,56868,66233,68375,54900,51533,50110,48623,49840,50013,53260,51946,48915,48230,46886,45877,44741,43805,40965,41465,41336,2828877
"Almonds, with shell",758288,438338,579818,634099,607677,609015,722678,713240,569855,681349,585312,704104,626631,860254,757661,935857,818882,910525,839748,926155,1239227,1052148,854642,1175867,1156592,989832,1266975,1157283,1290584,1333390,1272763,1291327,1251298,1359475,1020784,1272909,1566175,1296595,1651089,1478935,1560702,1869759,1713254,1615761,1863725,2024574,2253306,2480077,2453102,2596330,3011820,2838818,2874257,2697208,71110069
"Anise, badian, fennel, coriander",80555,89162,92401,87520,95360,92185,95090,112624,96779,90186,102983,108017,97920,106831,108687,134636,174047,165484,151868,172785,131610,157865,206165,164176,141664,170785,180891,276234,220249,232388,232136,317193,372635,317407,306192,338459,345763,388718,391067,391083,478229,495045,563790,514027,546451,583853,690042,696446,705436,772872,914917,928922,943697,969378,17340905
Apples,18797651,23559110,23391272,24870724,24039988,24509455,29000910,27903398,30251974,32051728,31660791,29471595,34725481,32198411,36938523,38333940,38077589,38439840,43988334,39032609,39001138,47896873,47880515,47014942,46143542,50535784,43904837,48601532,48737226,47081874,41093853,44831521,48168250,47008821,49310896,54788406,56526963,55331949,56676232,59086390,57612772,55786504,58245721,62594627,62382260,64222833,65200754,69026461,70977657,70503416,76033840,77659275,81854991,84630275,2557596253
Apricots,1429607,1207534,1472117,1460201,1537005,1418849,1827896,1692289,1872039,1887277,1697632,1704770,1999965,2037860,1710472,2016740,1801965,1680796,1637920,2014546,2212428,2049655,2243496,2157381,2233849,2314861,2085049,2434001,2626601,2400972,2279561,2547118,2342317,2557975,2106413,2594351,2421676,2526614,2666443,2922905,2680543,2664741,2890882,2852783,3536820,3296179,3380638,3731049,3662875,3318311,3762268,3841337,4034185,3365689,128849446
Areca nuts,214214,205239,210234,211752,201733,185192,200225,207901,209511,207580,211648,223661,220945,244178,242230,240472,250555,265912,270588,271277,291621,290417,327106,315358,364563,368225,370046,406674,448605,502689,496727,506917,540994,574491,622690,635767,648155,710446,698481,727369,766944,832932,874080,916128,956520,1024990,1056375,1074331,1102023,1081375,1096013,1340820,1086508,1103860,28655287
Artichokes,855442,762372,708759,945747,1063352,1093257,1127804,1053363,1126999,1276057,1368640,1403474,1368111,1397116,1280066,1245582,1155025,1335607,1090391,1254405,1164973,1184349,1119356,1142460,1016894,1189494,1129940,1268709,1348039,1333221,1328643,1250932,1163839,1197941,1156418,1132424,1257109,1251488,1246682,1329904,1259581,1278569,1279701,1368672,1283230,1421142,1488416,1487626,1517424,1459145,1540073,1625595,1612392,1572343,67318293
Asparagus,1695701,1379606,1291043,1207568,1228842,1247071,1222070,1328756,1398664,1113572,1231942,1147798,1233105,1252871,1223169,1258216,1272569,1264951,1306260,1252898,1354656,1389783,1395671,1435224,1486065,1586985,1726572,1752949,1830804,2008262,2135252,2226511,2696467,2919661,3002533,3319468,3499810,3654210,3959596,4633463,4969609,5748224,6269162,6617980,6704143,6929055,7090120,7208396,7360578,7482307,8211450,8305307,7936362,7829532,172232839
Avocados,716353,747298,787311,788522,857193,884536,945037,960427,1005429,1029650,1086786,1124012,1168951,1180212,1243261,1280299,1347809,1409038,1348699,1577865,1544661,1664338,1676042,1661982,1752860,1961073,1825021,1907246,1676413,1857776,2048601,2141380,1975897,2077835,2150497,2248340,2220640,2360065,2513868,2714124,2792168,2954294,3176741,3214429,3426458,3669810,3624808,3461349,3990164,3946215,4230103,4490709,4742413,5028736,114215744
Bambara beans,29600,30100,30600,30600,30600,29600,27727,27515,34720,33994,34361,37354,34745,34911,41235,42078,42724,30250,30554,31741,33011,35640,28453,34656,33786,38186,35396,41338,41461,54353,67102,61562,72922,59795,54934,57910,49746,65441,78428,61620,73923,80729,92453,75618,97633,103047,100624,136041,135958,151785,135057,165858,157353,160378,3337206
Bananas,21509569,21935648,23035027,24665455,26611230,26954543,27643055,28843869,30345473,31562218,32638551,32930910,31187759,31946239,31483736,32584032,34261277,34671179,35583990,37092442,37605937,38225083,36949064,39377222,40163532,42897475,44501124,44914734,44883121,49993227,52129589,55666557,56404343,58136504,58826289,58413261,64614771,64886251,70054516,68390639,69812532,72374981,74701942,79066319,83457670,88907552,94916010,99527826,103977689,109356269,109879343,107794908,110685139,114128343,2943105964
Barley,84682234,106382137,108607158,121835063,111297153,126074806,125866584,140096505,148046371,154496695,163069044,166819909,197566081,198689878,168427720,230535806,204870493,232061309,199316956,196806822,182932582,201687545,206470171,208393845,215718338,226659275,228630684,203941414,209025463,231472972,211277535,165606022,169756663,161304366,140953618,155319118,154608297,137675770,128381196,133119096,143999911,136723185,142564393,153903621,138679501,139521659,134173767,154820539,151773711,123541950,132530751,132291516,143476578,144490000,8830973776
"Bastfibres, other",882778,725627,850875,901125,1077617,1204552,1059003,837835,951493,947543,951586,981217,1125822,1036567,1019907,980306,1059897,1227742,1117795,1072876,1092983,957200,1024837,1055687,1930984,1080779,856103,841455,892847,851125,719324,763840,780001,638768,619550,650472,579340,449559,410960,404539,442385,396564,354819,343792,340692,340498,364261,348475,296558,265847,283890,272274,267496,256474,41186541
"Beans, dry",11283553,11804899,11755493,12215848,12123888,11978162,12569891,11763343,11802358,12703727,12683557,12397681,13132173,12838197,13483679,12414437,13355206,13655877,12806407,13772771,15332695,15409446,14962567,15805984,15648453,15211551,15111832,16645574,15680299,17596601,16942505,16049969,16269456,17430491,17593993,16940381,16363709,16452654,17798021,17685272,18290746,19931456,21136389,18362227,18986770,20922451,21492164,21174497,21394404,24091989,23153439,24270890,24515708,26529581,881725311
"Beans, green",2632012,2576531,2638434,2734299,2716652,2804820,2847014,2853535,2958870,3069315,3126849,3226604,3288529,3435688,3431663,3347391,3622146,3661016,3818595,3854047,4087064,4321373,4383863,4737131,4908984,4885512,5121953,5375367,5778474,5904248,6298614,6786790,6897414,6987049,8601851,8825066,8954692,9155734,9616642,9872250,10967291,11707950,12899560,13797713,15442884,17167059,17978518,18915227,19081607,19761566,20152505,20947891,21341316,21717359,436022527
Berries nes,305551,298611,309454,323859,329464,292699,296332,306132,300406,305946,307025,308385,296189,312628,314557,325916,304584,340243,347513,367123,366336,374533,382769,383337,355170,349864,359609,353714,379575,474333,478330,506019,503766,548756,537693,534295,587562,485175,663029,661452,667069,664629,769891,789187,856224,860066,909146,1022071,1018517,1002942,1089173,1113812,1137679,1139804,28618144
Blueberries,35091,30048,36251,38370,33416,48367,41404,35380,62328,60749,61515,55459,76000,62164,62205,64825,56813,65422,71287,73769,85310,92935,98050,85206,103226,99115,110949,115016,113893,136740,128043,116725,145473,136157,154738,156105,171350,156292,229890,256446,260032,244846,270244,262243,262308,296059,293951,308129,331238,321509,354402,419826,432362,520354,8340025
"Brazil nuts, with shell",1800,1800,1200,1800,1700,1588,1443,1317,1387,1680,1635,1247,1349,1367,1384,1283,1315,1240,1177,1107,1302,1476,1521,1656,1430,1396,1506,1607,1572,1639,1634,1564,1582,1525,1662,1336,1500,2200,4900,4000,4000,4000,4800,4500,6800,6000,6000,6100,6000,5800,5800,5600,5600,5600,142427
"Broad beans, horse beans, dry",4851184,6215352,5323040,5566035,5596460,4647503,4557220,4314344,4274570,4536898,4489669,4492937,4259961,4283681,4273673,4166222,3983525,4328740,4517917,4531090,4112732,4337464,4202499,4375266,4080664,4113187,4286077,4694534,4260237,4389685,3364222,2802357,3538012,3660417,3672442,3732702,3457248,3848583,3615294,3854018,4230022,4455323,4695957,4463541,4539964,4240625,4043458,4401293,4401056,4476611,4734206,4457580,4467440,4139971,233354708
Buckwheat,3224596,3398790,2467149,2815085,3512458,3382392,3777463,4231281,4258816,3958054,4188992,3558577,4611936,4260126,3711786,4245938,3969767,4509921,4473677,4130645,3875060,4511833,4465416,4816523,4309663,3798462,4636265,4020065,4281949,5007671,5200968,4965662,4259679,3775884,3469819,3275069,3697960,3099260,2790296,3781540,2593837,1832821,2572505,2294354,2084870,1940628,2376475,2220145,1796922,1453615,2366684,2262980,2263966,1924082,188710377
Cabbages and other brassicas,29223193,28650936,28989235,31152879,30529009,31684598,33400896,33206568,33313021,34909039,35452279,34376951,39523180,39392404,39934951,42576590,40917350,47954187,43611669,45372210,45411921,50181841,48381756,52587455,48862474,49791858,48020907,48481384,48442874,47987114,48679139,39385881,42401548,42639184,45369488,48524764,49123401,50165861,53557534,75882272,72337302,69367419,69162576,67595406,66511098,65763322,62443049,65182504,65448225,65522621,70150964,67916539,68819009,71778645,2656048480
Canary seed,61026,97842,77619,73052,57906,47408,51933,53691,95780,169588,91066,67823,73249,70066,74175,105632,87370,128853,86067,88603,85291,117265,162021,123721,126316,180857,186296,133065,203704,254245,194317,193466,204372,301069,216382,347375,168752,307289,217034,215063,150074,225499,292008,377926,296423,193605,216581,258793,253301,228810,197780,217388,230166,203638,8938641
Carobs,656877,600025,573335,654292,653908,574265,539283,528716,586274,561892,486009,476425,496976,435022,417401,435657,352808,376516,366301,362328,374163,364414,339258,312409,304204,321167,265803,295463,266628,268123,269156,268776,262692,219541,237965,251357,236352,241789,228179,227940,179070,208276,178385,197744,179375,167818,171192,176849,166693,168668,173966,163898,133170,156798,18111591
Carrots and turnips,7040892,7175447,7748938,8077189,7861875,8350751,8736140,8802273,9074033,9244705,9349930,9361168,10504517,10557032,10308042,10439552,11883013,12370505,11615202,12626377,12654284,13338756,13270528,15176656,14320462,15099352,15718201,15824982,15888821,15793597,16127112,14160812,15608010,15895994,16699365,17981800,19134024,19181553,20176241,21434923,21926343,22635780,25164713,26008552,27626292,28837026,29742550,33034386,33470571,33706492,36216180,37010281,37870564,38835051,946697835
"Cashew nuts, with shell",287535,324895,349088,383437,386303,381318,387776,483538,452676,511939,558846,558127,624333,585231,563770,507529,519614,488637,457676,464193,494155,488359,474985,501401,574009,617262,614270,682583,743835,827788,1004017,931591,1038610,1174348,1280889,1373574,1505530,1409530,1833855,2050345,2055242,2349203,2583014,2902192,3200183,3516425,3691768,4002910,4029091,4024422,4371044,4328986,3612980,3713465,77278322
Cashewapple,300550,360961,415388,385816,421244,420770,489448,536004,538717,496762,635464,586774,479320,574982,564129,718789,769273,1020438,686601,770914,846229,1053663,466134,1243738,1264175,942276,1165747,1223000,1377000,1501431,1642820,1788000,1851367,1705000,1760271,1814065,1868000,1624173,1675660,1748930,1730743,1788623,1789307,1797506,1841889,1849605,1866097,1886458,1913765,1936449,1943082,1969577,1919403,1889934,65856461
Cassava,71459839,74836680,78175688,82629399,85782843,84918809,88790176,93230059,95455330,98723699,98890434,101395515,101874795,104462489,110528610,113991497,118700256,123411473,119872423,124257066,127638877,128974568,127011287,133339818,135942865,134308164,138214704,144943275,152900746,152249050,160420379,162004048,163314761,164589910,161791829,158384075,161862761,162542177,169488069,176152727,181705582,184179557,192239404,203858031,206564230,223379032,227816895,231316799,235151537,240831427,253466452,257375373,261101216,268277741,8154724446
Cassava leaves,0,0,0,0,0,0,0,0,0,0,0,0,0,0,0,0,0,0,0,0,0,0,0,0,0,0,0,0,0,35000,36000,37000,38000,39000,40000,41000,42000,43000,44000,45000,46000,47000,48557,50274,52000,55613,64911,71122,77434,85000,85000,89325,81591,77079,1370906
Castor oil seed,597110,640051,703691,792045,881643,963633,1013492,990362,961174,918865,944425,910715,1135181,1209177,867792,715827,763691,893419,942284,811212,977064,1039745,1043183,1151717,1292980,1012642,885845,1077344,1142527,1407088,1204810,1149576,1098105,1235933,1089389,1256766,1202075,1191532,1137041,1378306,1116507,966491,1249558,1295415,1499129,1167595,1452764,1623517,1413541,1742036,2743210,2245944,1852508,1951508,62949180
Cauliflowers and broccoli,3397127,3091923,3366649,3602842,3608631,3801057,4025067,4092630,4318822,4325844,4350079,4481867,4499427,4795750,4764697,4902407,5105075,5464298,5555332,5949327,6301642,6570352,6764897,6965174,7452931,7680519,8161856,8679266,8892193,9668980,9548012,10938226,10613409,12166743,12632823,13966508,14580527,14419707,15034446,15931947,15978338,16576976,17339517,17932368,17484673,18669932,19220557,19751368,20682233,21069367,21795824,22436145,23202978,24175041,570784326
Cereals (Rice Milled Eqv),925626820,983853009,961891467,1047079203,1022130345,1145737927,1165802144,1216987986,1218632982,1256033831,1358231568,1307872568,1443764273,1392133069,1368917715,1550919183,1511162802,1670229575,1577030148,1590199758,1643237481,1722905422,1652188170,1785337110,1838357107,1867953867,1803782992,1741774257,1889370572,1990048684,1878138769,1803311413,1731535887,1780932346,1720721529,1881422999,1908958548,1899782348,1882142713,1863372214,1916556526,1847733891,1900302174,2079530499,2066554598,2026081648,2142221041,2310908157,2272851373,2238528148,2349697713,2313927509,2517174876,2571628855,92553207809
"Cereals, nes",1417700,1449458,1479040,1582630,1610678,1560633,1554841,1566306,1538151,1589913,1557419,1591206,1434973,1542156,1084729,1254207,1195050,1375095,1348509,1680903,1565669,1341115,1614338,1302133,1185367,1177784,1279950,1264753,1553063,1404130,2246538,1683724,1699894,1810718,1775739,2435114,2771686,2118837,2519088,2487792,2703258,2573194,2991659,3184058,4198268,3456265,4001520,4000113,4541051,5732457,5168130,5777969,6446568,6825087,126250626
"Cereals,Total",997333235,1059186232,1044202174,1134653106,1106725112,1232750142,1258291960,1313260318,1317207679,1361654064,1464269757,1410521756,1555675286,1503099819,1488165379,1667046449,1634694570,1798980186,1702491191,1722973848,1780214821,1864183689,1802187618,1941142449,1995055743,2024824124,1958251413,1904962943,2061423395,2163457328,2051529933,1979309969,1908558736,1960375216,1903017301,2070870858,2101097548,2092655595,2085598846,2062807665,2116175659,2037898582,2095721307,2281864046,2277774104,2239480997,2360911571,2539843743,2501378954,2472044946,2590000261,2558020802,2763301727,2818540934,101137665086
Cherries,1343510,1315184,1349680,1454827,1182663,1400135,1318503,1505775,1348631,1551011,1515817,1209143,1439863,1356961,1478811,1555047,1263653,1391730,1619153,1374075,1325548,1640456,1731539,1700931,1654909,1652473,1665361,1594639,1664215,1532391,1390057,1753861,1702095,1617413,1628161,1796720,1635320,1638183,1822073,1902752,1823292,1676615,1721400,1702959,1851445,1863983,1956914,1845928,2191433,2067948,2106833,2145066,2223874,2245827,88446786
"Cherries, sour",593176,580077,521174,732441,556896,567887,508908,765223,577571,613807,830944,613169,626722,686309,742995,686630,774120,717612,968522,827347,851855,1078025,1128636,1091433,1175469,1081272,1105293,1173636,1200895,1089200,1012151,1171087,1201900,978638,1020830,1149209,1069393,994950,985669,1127331,1124292,972734,1129874,1239022,1153909,1078332,1209941,1264646,1384827,1164348,1287885,1177419,1410355,1362231,52138217
Chestnut,595599,584823,563661,584586,531353,573886,557471,553441,571537,568755,491179,507086,538297,457214,456288,470350,466530,485231,533233,477213,462694,454313,456639,413777,421511,457818,501590,507696,481598,496026,642354,678800,642086,695718,679842,680358,791230,834072,888617,943300,944062,1037568,1131549,1265462,1366948,1493106,1604315,1790534,1905483,2004223,2041842,2065172,2097549,2051043,45496628
Chick peas,7682531,7259015,6929735,6019672,7356842,5682352,5292153,7527041,5885415,7097114,6613310,6718184,6202052,5974743,5607357,7430586,7196207,7153777,7590109,4855451,5769235,6164700,7067006,6607476,6459071,8088302,6866982,5770245,7176739,6779173,8112666,6650501,6788232,7120234,9138637,8097052,8327959,8888454,9452900,8028020,6995156,8322063,7117025,8401165,8456970,8469821,9773341,8632520,10451575,10974798,11759113,11584927,13307535,13730765,417404004
Chicory roots,315556,229634,291959,362674,334746,284467,234569,278183,290264,356486,344594,184470,202527,226998,329469,291988,404785,407649,301256,245282,321520,385472,328674,330517,378761,350742,272611,315935,284177,370142,350068,427604,430921,418692,475725,705625,777134,653533,905748,1059294,902798,921045,996839,1081650,968405,657298,640356,678518,775360,644799,598396,500591,477775,531750,25836031
"Chillies and peppers, dry",917649,999609,1084137,1084294,976977,1079097,1168727,1092619,1106105,1263558,1243206,1224176,1319914,1243333,1367433,1302549,1498821,1531250,1491581,1482121,1455880,1526982,1522998,1593405,1846724,1665457,1603484,1693829,1859016,1745303,1706510,1958972,1951302,1847786,1924107,2213269,2090921,2298399,2407690,2502723,2561415,2434821,2810911,2815392,2844806,2980413,3105677,3167533,3146788,3155993,3358730,3452334,3618393,3818768,105163887
"Chillies and peppers, green",5980549,5286993,5411624,5150311,5292691,5718687,5936006,6096823,6161493,5563783,6048297,6284580,6777204,6832746,6733103,6866049,7494233,7564138,7947668,7783377,8138910,8351324,8680411,9036274,9779445,9996410,10312180,10432603,10709669,11057253,11037506,11481073,12311214,13046766,15228391,16453103,17325269,18519123,19421758,20836371,21397840,22490373,24290832,24582929,25261727,26619273,27314017,27930637,28646130,29607777,30080905,30853114,31173867,32320563,761655392
Cinnamon (canella),19890,22000,20360,19862,19662,15420,22250,20821,24250,19142,23785,22256,25230,25154,24114,24843,26062,31331,30207,32222,36260,38561,45052,49966,53238,54241,60405,63210,61964,61085,64419,67752,73506,73828,81159,85764,85312,90537,92059,101321,100054,110714,132664,172039,175441,183948,190073,191879,200848,191114,199205,204444,209330,213479,4283732
"Citrus Fruit,Total",25194844,25926899,25957654,26721459,29328344,32657905,35845989,35036435,38670941,39867702,42231238,45192937,48696562,49926549,51753752,52786054,54184966,53790237,55765016,61377227,61822837,60984763,65342137,60666416,64527143,67330391,70820151,72732499,79701720,77896806,82644292,85187719,88536418,88028500,93612756,96288067,105601948,100151832,104614430,106104903,105712676,108138878,106939695,113713567,111660442,118984182,119794970,126793755,127422707,128283780,132945433,132226672,134817901,137842359,4168785455
Cloves,27770,19090,26470,29380,26515,35660,39761,33996,23876,34373,29371,34475,45771,44113,38201,44555,64601,39558,36506,55697,48416,47775,56121,80548,59605,71968,82078,107126,70692,82458,113842,89910,89711,102258,108205,87386,81298,92347,80006,86007,99866,107521,153042,110177,105025,88756,109258,99536,110724,127426,101311,126921,136977,152935,3996971
"Coarse Grain, Total",496758520,515759628,516758370,532649374,532502979,572764769,613080319,609094774,636904434,639627199,704904357,677926568,746586731,731578832,711246108,806546663,794102510,854271141,817193512,790832157,841663874,883257023,788259542,895811326,951682879,938285052,911818450,835243303,919133141,949088481,910240848,884657283,811776145,895664298,810567910,922801181,909075997,916860195,889708084,878665114,925863576,888813918,950729025,1043109404,1012911014,997582813,1092329949,1160876996,1128765039,1128481191,1170580017,1152269047,1313224097,1348051051,46358936208
"Cocoa, beans",1186364,1213539,1280516,1544612,1229189,1344411,1390556,1246628,1418917,1543448,1638900,1510770,1402108,1556484,1561669,1366556,1452549,1495418,1659914,1670684,1735292,1615358,1604643,1810591,2013935,2118390,2055865,2563339,2641015,2531893,2532037,2677076,2672656,2672129,2991068,3245847,3015437,3311046,2975399,3373159,3218179,3320431,3702206,4068855,4043940,4301002,3899928,4265685,4210539,4329884,4615846,4614563,4488263,4450146,136398874
Coconuts,23841295,25682863,26180440,26060291,25516683,26253933,25787958,26106749,25361305,26318665,28659880,30079987,27997872,26666440,30775532,33619051,32122382,32789267,31320541,32247634,34070345,33493778,32548348,31466423,35941493,38974590,38734289,37288890,38315751,43421583,43342943,44980474,46404644,47875069,49573690,48643445,50066914,48983311,49342756,51193997,51971164,53565853,54280844,54988405,57450874,57948847,61954147,60395846,61302426,60106640,58446781,61876511,62073388,60511693,2224924920
"Coffee, green",4527871,4584366,4152122,3769384,4981563,4052223,4332673,3936438,4272392,3849630,4663269,4570708,4185718,4770137,4603201,3522500,4399383,4725177,4973081,4839210,6083214,4940877,5582080,5221504,5824530,5237224,6385145,5645478,5908027,6062756,6100745,6086468,5555457,5727838,5531064,6212449,5994298,6632906,6790915,7612224,7394373,7991432,7097658,7920253,7451718,8153228,8140897,8501091,7796709,8484743,8397340,8823385,8890919,8790011,320680002
Coir,0,0,0,0,0,0,0,0,0,0,0,0,0,0,0,0,0,0,0,0,0,0,0,0,0,0,0,0,0,0,0,0,0,0,0,0,0,0,0,0,0,0,0,0,0,0,0,0,0,0,0,0,0,0,0
Cotton lint,0,0,0,0,0,0,0,0,0,0,0,0,0,0,0,0,0,0,0,0,0,0,0,0,0,0,0,0,0,0,0,0,0,0,0,0,0,0,0,0,0,0,0,0,0,0,0,0,0,0,0,0,0,0,0
Cottonseed,0,0,0,0,0,0,0,0,0,0,0,0,0,0,0,0,0,0,0,0,0,0,0,0,0,0,0,0,0,0,0,0,0,0,0,0,0,0,0,0,0,0,0,0,0,0,0,0,0,0,0,0,0,0,0
"Cow peas, dry",868764,978189,1100756,1119337,1108060,1024211,1059480,1131080,1423407,1364899,1245869,934289,978556,1649538,1506733,1327515,1019818,1213111,1335110,1181208,1305279,1322868,1267504,1136112,1302813,1555245,1447652,1831454,2171976,2145332,2450735,2602422,2508576,2807113,2670730,2986014,2926380,3848933,3604723,3269508,3825961,4083842,4355570,4147350,4748535,5184559,5281176,6263331,4934549,6926838,4794283,8264548,8246258,5589215,145377314
Cranberries,56408,60318,57388,60550,65240,72101,64803,67984,83994,95064,107525,97815,100557,105693,99866,115691,102236,118676,119720,128179,125568,144980,143892,156804,166285,175888,165253,197633,191286,183271,226120,215560,207088,246480,230710,242160,291143,291183,331026,300985,286234,318604,339405,354279,371499,417739,396466,475268,452304,453483,522559,632762,629380,651994,12315099
Cucumbers and gherkins,11048680,10602964,10757284,10922710,10665950,11281931,12039074,12351859,12527294,11756246,12056157,11925750,12853595,12377286,12855050,12473686,13743458,13253104,14939364,14124185,15830206,16192796,16008157,16323844,16916031,17305509,17565021,17452403,17527110,18990113,19200355,18465266,20706246,22213856,24050822,25825688,27182302,28704851,30916971,38360925,39773204,43028924,43807519,43449521,46426921,50123024,54200854,58564057,60875054,62636098,66412565,69580170,72059489,74975617,1456207116
Currants,308137,290819,354151,341400,320618,333617,286193,353900,362720,385590,390082,380238,419730,429562,443321,444573,444903,507974,551990,555844,569357,568901,643835,616021,645865,640221,601339,684163,682271,549203,541117,694268,691776,645182,632198,672452,613770,634419,634126,690009,733055,728067,770315,779693,762043,775164,714240,672409,688550,653851,662434,661572,706886,657737,30521871
Dates,1905592,1864091,1897908,1890017,1943697,1955977,1934065,1891545,2206069,1971730,2211412,2129418,2299223,2404511,2533988,2361881,2765513,2569666,2808037,2789406,2506887,2719332,2801466,2746789,2935692,3086905,3176401,3280783,3560585,3534902,3848397,3797900,4515985,4707253,5010205,5185625,5268400,5932688,6190161,6838192,7090880,7057664,7002617,6959952,6874593,7056261,7221246,7406206,7643817,8001079,7628966,7367206,7589936,7600204,228478921
Eggplants (aubergines),7076838,6257398,6111594,5949996,6212700,6320200,6609632,6766248,6993387,6284858,6818647,6636115,7256248,7323696,7521447,7266736,7548792,7862606,8053617,8147431,8854661,9188741,9439981,9671029,9991273,10308457,10429647,10657852,10937263,11476885,12025169,11717410,15294034,15961855,18431091,19908202,20855075,23322726,26860155,27630585,27421248,29759911,29843481,31042937,32143827,33089884,37691023,40060464,43242300,44188866,45247991,47268938,48993681,50193034,972167862
Fibre Crops Primary,17251310,17745109,19134098,19612746,20903901,20466654,20163433,19795408,20411023,20488206,21282549,22260726,23218187,22466678,21117896,20590539,22840281,22568821,22571525,22749105,24144922,23451570,22951207,26691678,29149234,25050382,25837599,27164972,25689180,26863823,28961730,23419756,21538026,23357201,24522128,24684374,24460352,22779702,22870913,23347977,26289242,24164464,24670952,29741885,29951279,29813300,30150257,27273290,25762748,28135043,31654373,31913085,29756742,31069412,1314920993
Fibre crops nes,64533,71246,75602,77718,73048,82803,80185,82259,80412,88681,92729,94233,100688,111795,116781,125332,129251,145705,145150,150685,159377,170554,171800,167119,186470,201289,212921,189944,161325,153120,133676,149580,138654,144555,164709,165282,188720,179970,177979,154552,161832,162582,168787,160565,160895,192224,174251,149032,139538,150442,156007,157713,158568,158047,7610915
Figs,1572296,1539143,1530193,1597659,1506049,1269547,1236798,1242882,1190766,1173936,1153694,1050334,958039,1000551,1027000,976655,889990,860716,934221,928805,961590,938925,985327,959221,1018362,1089094,1050224,1026840,982412,1080531,1040930,1096597,1107456,1105188,1177544,1128656,1092589,1123212,1155149,1059492,963831,1057826,1019425,1026834,1109033,1214111,1021110,1088419,1168087,1094825,1076706,1059709,1124290,1137729,59980548
Flax fibre and tow,1088829,1199312,1098097,1064967,1279387,1227651,1278607,1083867,1262115,1157734,1261066,1186125,1137942,1075381,1292130,1350158,1264579,1101648,954544,901361,870564,1050038,1267424,1226676,1106324,1073546,1373200,1241499,1147638,931857,1032013,588157,529859,591912,741687,589109,427814,422578,500666,528277,645757,800774,773534,1009314,1012668,663005,541178,532685,324276,299442,262732,330109,303314,320037,48325163
Fonio,178483,174556,176885,184645,180870,182563,185815,185600,176200,174490,156600,163050,161592,161480,168125,167225,159685,154129,131581,148667,167556,140758,166632,181184,182381,179570,178315,190970,178866,173885,188019,162491,205093,190198,210379,213944,223106,235076,258577,317717,312938,316454,328334,336486,370326,366858,372624,482872,505183,559440,582263,579200,599205,635875,13665016
"Fruit excl Melons,Total",180549006,197521093,194967910,205797584,212290715,217135086,228799989,236364153,240719996,252379534,255106335,249354424,275445836,275132634,281349947,288981059,283911523,292823675,314073018,318982744,315469460,338843809,337739552,337254060,336222272,357202751,355051008,357390550,369261755,370919129,367639806,383871930,392799114,398402183,411689644,430594857,448519089,444134998,465889186,480753152,482998491,491418313,505507568,530557827,540605592,564629230,575839334,599195380,613707814,621582441,642489180,646955628,675022589,689888659,20881732612
"Fruit, citrus nes",1470554,1496441,1521957,1556278,1562349,1605460,1622910,1682593,1658880,2200781,2226467,2250379,2307602,2349557,2372111,2382805,2419195,2451353,2811358,2778283,2751815,2830663,3091619,3065691,3198802,3383616,3556759,3522435,3643113,3888424,4340826,4611984,4974537,4792733,4866605,5059564,5405771,5620241,6688766,6576239,6848591,6789675,6871589,7102094,7163387,7457395,9907401,10451761,11893210,12124150,10916275,12416929,12386885,12472628,261399486
"Fruit, fresh nes",6855995,6881192,6968465,7386281,7440371,7789736,8058089,8273198,8256649,8062734,8352791,8446135,8595350,9013284,9216675,9273199,9233260,9513462,9739383,10059585,10519266,10819049,11378895,12585314,12705014,14044773,14071965,13623087,14044480,14768827,14888259,17590972,18122898,19034038,19986071,21078032,21781474,25173755,24207406,23871752,24933816,25457787,26267690,25321078,26903559,28363969,28349576,29904371,30673396,31112634,32197628,33030013,36356631,37533935,918117244
"Fruit, pome nes",0,0,0,0,0,0,0,0,0,0,0,0,0,0,0,0,0,0,0,0,0,0,0,0,0,0,0,0,0,0,0,0,0,0,0,0,0,0,0,39500,40000,42000,43100,43000,47900,69502,70300,75500,81400,91200,38820,41900,45760,50750,820632
"Fruit, stone nes",116030,107865,102227,110359,118141,119382,137803,143618,139022,144053,129260,143670,155886,155810,157101,174417,159382,173276,174660,178460,171568,203344,208937,215637,223747,237712,225387,234613,255822,277652,309642,334372,338851,350171,366934,379047,380352,393684,439177,443501,453147,463543,476172,453396,491286,502815,480624,509343,529789,544841,582091,599731,628118,641660,16187128
"Fruit, tropical fresh nes",5162852,5285839,5349097,5400056,5565614,5662604,5873020,5876004,5921640,5985221,6142309,6259238,6558227,6848238,6877952,7011218,7116506,7512909,7559088,8339817,8562368,9423956,9547625,10531017,10608325,11426484,11331255,11254985,11837440,11043853,11334142,11591009,11859796,12541051,12582512,14527486,12280417,11838448,12217287,14186967,14841527,16074825,16874613,17968889,17652824,17618548,18249881,18743148,19793554,19685754,20193519,21728606,22266169,22716887,621242616
Garlic,4313197,3551158,3374227,3087096,3179452,3270723,3308617,3411997,3606553,2870776,3168544,2996480,3492931,3565488,3573127,3563862,3879395,4034582,4443111,4287647,4464327,4805506,5134163,5232696,5135919,5423794,5839181,5885597,6054397,6521939,7168516,7422713,7532166,7768073,8521959,8985625,8942435,9145394,9730898,11103752,11504574,12593532,13714574,14510186,15114709,15375060,20119510,22833226,22069764,22583863,23117409,23410964,24187894,24939158,477872436
Ginger,60360,71549,74672,75208,82283,83213,84287,87505,101391,114175,110827,115884,125801,127000,147213,149780,195127,275129,288353,246316,295111,303268,336123,355627,390259,414151,415125,449211,457037,520299,597778,643041,659374,674212,747089,841165,888877,972618,1016114,1024923,1118560,1179253,1250247,1231572,1367430,1471976,1580953,1595987,1642942,1691579,2337405,2420297,2421287,2153258,38080221
Gooseberries,167154,160974,187017,180620,174784,157920,143844,177855,168656,216548,222746,227349,216099,237266,229838,252190,222167,264355,277745,287872,296403,269893,284539,297483,295732,309900,322614,327906,323881,248625,243730,188916,193739,182760,186060,184120,168940,175869,184411,193579,192351,165193,172410,182959,181754,180312,178920,165496,168497,159937,167111,164986,168304,170585,11470914
"Grain, mixed",6081643,6664045,6730032,6702628,6478721,6141530,6309127,6453983,6472133,6248378,6880412,6833897,6730903,6615249,6266545,5641742,5672071,5811787,5552337,5381650,5681744,6254214,5052524,5616283,5755590,5851591,5879844,5304522,5378657,5452051,5649751,4117577,4730830,4396962,5234619,5051934,5623078,5630739,5131536,4305759,5179751,4937705,4754464,5493527,4948411,4431512,5166361,4522174,4532979,3843836,3976435,4515837,3831824,3746959,295650393
Grapefruit (inc. pomelos),2199566,2205784,1948397,1968926,2330647,2581206,2994518,2613575,3065503,3124233,3513981,3668367,3809838,3857295,3700935,4097305,4394060,4327831,4163758,4591070,4470572,4558686,4058011,3760473,3923743,4123913,4516850,4788877,4839250,4174258,4439328,4417549,5039292,4922999,5373273,5385890,5599156,5295791,5344900,5841916,5531374,5467912,5428611,5597816,4689136,5238683,7330494,7655375,7695618,7756748,8124856,8262912,8357916,8397058,255566031
Grapes,45222826,56415674,50605929,54983751,58801912,55182908,56617109,59864051,57149326,59952538,58769266,52882650,67766851,65647152,63763332,65084898,57416250,62855716,75308428,73120476,68872595,80400177,73705266,72655650,64417690,70540617,69932578,63707545,63803583,67049505,60850895,60278601,55852698,54625274,55974276,59086774,58418923,57026590,60944137,64848695,61431822,61978191,63554189,67713843,67404024,67250797,65413759,67454382,68343517,67324747,69450215,69126238,76445996,74499652,3427794484
"Groundnuts, with shell",14399860,15422599,16278267,16978347,16136232,16650891,17790996,16285337,17011235,18312604,19284329,16935970,17805572,19717503,19900178,17737085,18714064,19280006,18961378,17605357,21324211,18523635,19525618,20307092,21234671,21885814,22072337,26194990,23332376,23217241,23922009,24843666,26499331,29376681,29348512,31961423,30502123,34596040,32935700,35688094,36872567,34288716,37015795,37191602,39097519,33889835,37961929,39368075,38257749,44184151,42045027,41311241,45836231,43915366,1419735177
"Gums, natural",0,0,0,0,0,0,0,0,0,0,0,0,0,0,0,0,0,0,0,0,0,0,0,0,0,0,0,0,0,0,0,0,0,0,0,0,0,0,0,0,0,0,0,0,0,0,0,0,0,0,0,0,0,0,0
"Hazelnuts, with shell",183090,226833,192334,288178,171362,314862,181317,269416,264495,386551,307819,326453,391309,402752,475456,406924,450387,477901,469214,424336,549636,397417,599143,437293,382354,483837,483054,618483,757989,570761,532128,745492,503661,723058,682811,652007,633649,802178,780633,676956,878189,832820,679335,616225,758871,964738,810958,1071005,777939,857179,746596,925091,869157,713453,30125085
Hemp tow waste,399919,404529,410762,453596,445821,482373,449534,401286,391391,373278,378169,361767,347377,335960,297334,298546,285758,257718,242400,219743,175097,163972,186636,193906,188157,179630,188516,176049,131874,99997,80442,76318,63595,51509,57846,65867,73527,79932,70941,58319,56164,78112,69827,74597,80189,114778,77095,60497,48281,48002,52974,56292,59337,65868,10541404
Hempseed,109746,113635,120438,125010,137702,132713,134612,124503,114555,100448,96856,88696,101970,111479,102713,97912,90369,87975,94711,74741,84218,84560,69081,71686,63418,99254,88563,81761,50389,37731,34961,29336,31233,30517,31607,32117,34829,35463,38663,39098,42744,62615,68596,89677,101011,104573,114580,90020,88480,57727,57380,89906,89332,102948,4388858
Hops,75975,87730,95900,104590,98914,104690,107611,103586,104189,112442,106446,116097,133809,125061,118214,112258,129783,112506,120772,117014,133444,144586,130336,131227,128078,117638,119514,125433,126610,120737,134305,115657,148955,128412,138377,141966,132339,118237,119606,121410,125908,125710,113955,119217,118843,111536,126363,142237,141751,126363,128103,112158,117745,132631,6506974
Jojoba seed,0,0,0,0,0,0,0,0,0,0,0,0,0,0,0,0,0,0,0,0,0,85,97,248,143,176,169,137,208,175,139,336,223,212,6,351,399,217,248,200,96,62,279,279,93,63,93,138,149,154,152,151,149,147,5774
Jute,2650134,2332655,2384771,2282496,2359769,2454095,2637568,1847773,2609222,2367885,2039796,2403541,2642603,1901496,1921328,2181188,2303697,2779553,2682216,2589799,2619694,2348837,2505977,2608383,4483769,3451306,2743342,2525102,2596249,2775862,2943820,2812734,2682001,2695748,2413404,2984649,3200536,2633128,2591681,2661473,2929429,2860185,2796172,2560673,2761431,2867348,2820168,2686912,3040781,2824666,3578924,3450459,3415142,3389948,145631518
Jute & Jute-like Fibres,3532912,3058282,3235646,3183621,3437386,3658647,3696571,2685608,3560715,3315428,2991382,3384758,3768425,2938063,2941235,3161494,3363594,4007295,3800011,3662675,3712677,3306037,3530814,3664070,6414753,4532085,3599445,3366557,3489096,3626987,3663144,3576574,3462002,3334516,3032954,3635121,3779876,3082687,3002641,3066012,3371814,3256749,3150991,2904465,3102123,3207846,3184429,3035387,3337339,3090513,3862814,3722734,3682639,3646421,186818060
Kapok fibre,0,0,0,0,0,0,0,0,0,0,0,0,0,0,0,0,0,0,0,0,0,0,0,0,0,0,0,0,0,0,0,0,0,0,0,0,0,0,0,0,0,0,0,0,0,0,0,0,0,0,0,0,0,0,0
Kapok fruit,198180,186300,209360,220100,229500,226750,222330,200150,213120,223320,238100,226200,246780,242050,231650,232560,223080,199120,180320,225425,270300,256950,277420,276250,289020,302900,282800,289150,288065,314450,305200,322030,326400,326940,353700,374510,377570,372770,377320,420380,419993,407087,437250,344600,321550,323420,283467,282780,287000,268825,324588,319036,309279,302139,15409534
Kapokseed in shell,0,0,0,0,0,0,0,0,0,0,0,0,0,0,0,0,0,0,0,0,0,0,0,0,0,0,0,0,0,0,0,0,0,0,0,0,0,0,0,0,0,0,0,0,0,0,0,0,0,0,0,0,0,0,0
Karite nuts (sheanuts),169250,175480,192000,198550,212500,209235,232200,234300,248500,251900,252354,251000,256141,260100,276370,316500,305579,291885,315018,346713,370816,350803,363457,373636,506502,379122,386178,386693,528514,612143,642094,643567,640566,670653,722044,677008,696857,691809,691410,705970,701422,697564,742352,740909,692937,639544,776675,730950,654655,655360,678877,709960,691840,546657,25695119
Kiwi fruit,0,0,0,0,0,0,0,0,0,2000,2500,2845,3638,5608,4415,6076,8041,10228,20150,26687,42346,48166,58139,146793,204546,274308,418651,554175,610366,843102,785107,986695,901691,928010,890937,959157,867886,876568,911897,1869659,1933043,2021067,2003919,2253087,2278835,2398647,2467006,2562704,2684020,2728777,2819277,2914205,3275096,3447605,49057675
Kola nuts,191500,193500,197500,210500,206606,213640,227500,247500,253829,212188,217778,198739,205009,218500,220500,208000,216000,226500,227000,232500,238100,254700,256900,264600,270300,278119,275898,245973,235822,241483,266782,241900,255283,214170,197812,195570,213956,227592,218797,218202,219147,220576,206267,217139,223254,213351,231436,253382,296302,280666,278191,275371,268210,258394,12578434
"Leeks, other alliaceous vegetables",728638,731881,807225,744894,783621,773167,814750,795068,829932,835974,823410,794513,748719,777466,754339,687049,785365,775941,768195,741939,755547,797198,802504,835518,878128,1008405,1128259,1133818,1348487,1488962,1486655,1549019,1654286,1675530,1697080,1646745,1594771,1578303,1701558,1623310,1556216,1600158,1691266,1880222,2020470,2114758,2025741,2099770,2112701,2120116,2109795,2175861,2178805,2233941,69805989
Lemons and limes,2645738,2657099,2740760,3079200,2999665,3135094,3287281,3390561,3491181,3533148,3943247,3965294,4388059,4506869,5063649,4533072,4976311,4780765,4831109,5175544,5958450,5852768,6191937,5879671,6349496,6711427,7181459,7114261,7164820,7281485,7896756,8036833,8515043,8532029,8717650,9215539,9829549,9878223,10635774,11440857,12220652,12407796,12777826,12461343,12488316,13908443,16468223,17397277,17438906,15077813,15296526,15010268,15227668,16250550,439939280
Lentils,874877,967263,973664,954217,1041273,981165,1020159,1075806,1147521,1066534,1100423,1178856,1143565,1285406,1255538,1387381,1349778,1291809,1287342,1247275,1451178,1793276,1813030,1755578,1910575,2475570,2719020,2691846,2121258,2603048,2692565,2572342,2769539,2794545,2850838,2751321,2748849,2783501,2887951,3369845,3252564,2884320,2980311,3589014,4035933,3338803,3297336,2824277,3931726,4706985,4448800,4485973,5121229,4823121,125905919
Lettuce and chicory,6616339,6086019,6128853,6061059,6198555,6233613,6420428,6442808,6783629,6563049,6796536,6885464,7203833,7333632,7467882,7570875,7942862,8103886,8325414,8449156,8757080,8998123,8774740,9377984,9434817,9485422,10198636,10800439,11255251,11564090,11851381,12495833,13135092,14197208,14265433,15087735,16191752,15961292,16916789,18276179,18573599,20217851,21420456,22494060,22487557,23505576,23706341,23801817,23968543,24389726,24820674,25464855,24806876,24976315,711273414
Linseed,3454416,4047128,3983880,3676909,4383716,3765945,3101793,3615030,3855958,4706815,3750032,2934591,2897385,2491542,2917330,2563070,3148112,3188754,3194114,2461627,2441614,3001404,2598574,2836172,2763910,3000323,3078743,2637566,2498267,3120035,2831261,2224431,2192594,2456873,2525165,2477452,2276790,2739717,2691485,2013138,1874271,1921663,2084008,1913467,2757271,2518629,1664047,1988675,2179443,1817250,2168899,2053305,2280095,2654431,150419115
Lupins,973322,963118,865300,1173109,1424157,1396150,1246793,1246530,1155100,1278224,1072565,1099071,1136516,1045592,684011,720913,788728,632791,372442,470995,408746,669990,1189681,1466209,1448000,1171797,1270674,1312905,1205440,1252018,1408029,1334826,1630585,1224085,1716894,1679658,1708217,1845230,2104396,1233628,1398177,897113,1452445,1265188,1652188,785143,932689,971223,873565,1219589,1099553,1274160,763675,1014024,62625167
Maize,222147791,220367082,231395483,229048220,234586624,254026060,281729699,264514451,281495968,275301145,322233622,318667290,328465469,318576347,349129971,362568866,382636355,402647091,427039993,406120388,456221517,463681280,360401034,464046992,499951301,490691622,467948794,419110234,492209503,493533773,504325130,533650651,476823168,569072179,517314134,589537114,585573419,615825168,607227213,592520102,615587635,603533524,645149761,728958458,713723039,706956404,790394082,830685791,820303795,851335904,886963987,873151716,1014274723,1037791520,27431172582
"Maize, green",4090149,4210972,4122897,3942653,4108028,4508030,4732275,5146171,4898433,4849651,4962886,4843823,5102983,4905869,5562590,4996301,5065786,4968386,5043704,5036475,5196998,5770152,5318468,5750473,5962206,5840756,6242396,6381680,7170211,7818504,8031071,7804761,7521650,8862545,8519046,8541473,8633800,8935931,9015081,9244726,9576106,9597805,10056306,9816644,9762561,9642264,9714230,9635862,9829707,9310304,9557011,9963540,9706397,9618993,377447720
"Mangoes, mangosteens, guavas",10949362,11326546,11179065,11210501,11536034,11576385,12085755,12214949,11945861,12077982,12210500,12533082,12411550,12927292,12842685,13118225,13225109,13298532,14199069,14552604,15252024,15210123,15468060,16028756,16670172,17352984,17870281,15855091,16550319,17272478,18010047,18383819,19873406,21769340,22851048,22704782,23906271,22878399,23759130,24932193,25103291,26349777,30007688,30163153,32318209,34658680,35502548,36396820,35594223,38065995,40066001,41706310,43876387,45224521,1125053414
Manila fibre (abaca),97340,112345,140265,123970,112814,142581,125049,111569,113801,128423,111561,117229,128233,137328,145656,154859,168799,142112,160736,169956,139329,128687,98802,109227,93966,92244,99861,108089,81915,78793,82523,85351,81799,84225,85052,94461,92691,97429,99813,104349,100009,91160,99885,107242,105270,99892,100468,102361,98672,100489,104368,104360,101445,105362,6004215
Maté,278648,293026,267051,279770,266325,262834,235460,235672,220935,245890,234665,249961,248483,227204,253159,258833,264911,243557,253051,269817,276623,301409,298271,352074,335685,361841,381173,396510,389140,360714,389745,381468,512810,526152,571796,549077,654801,777673,839838,865762,1024675,935115,875744,731926,768911,800563,815974,749248,748351,938772,774524,821534,842650,931673,26371474
"Melons, other (inc.cantaloupes)",7001009,6684477,6761006,6683065,6799112,6717715,6998219,7304714,7107324,6544681,6985034,7094702,6828409,6964186,7591903,7837951,7801859,8493909,8989864,8822318,9574436,10377533,10328084,11154832,13639008,14037166,14046960,14550694,13181531,13569689,14011663,14585299,15009275,15179402,15568957,17302754,16216761,17356629,18195714,19498103,23965927,25250533,24759254,25271742,26925583,27976895,28843894,30417562,26625775,31610489,31932099,28211650,29132662,29625745,823945757
Melonseed,224710,233019,251644,256408,273984,247136,256829,258856,235255,270895,232425,268545,358458,230445,402935,374625,343055,296719,305990,309651,310528,322852,384975,377490,374714,373136,389709,520145,453935,456550,473159,515412,539100,521635,610839,621691,545124,685921,533715,644445,679292,701898,738110,747373,766054,731796,768729,732639,670463,775644,876087,815547,814089,842286,25946666
Millet,28583648,27024094,27111107,30848735,25590933,30079859,33165771,29522393,33958349,35643862,32068215,26586371,36198997,30743306,28828978,30879830,28950727,31034598,26039666,26912542,29181983,28713792,33704067,28999433,30388341,28679438,28911984,34056936,33993689,33340192,26891812,30164482,26415615,29391565,26084421,29102073,28208764,29724016,27839339,28188738,29560268,24520813,35615948,29925391,31745412,32606067,34411627,35169729,26451503,33274752,27909193,26707857,25731999,28384668,1613767888
Mushrooms and truffles,324714,345125,384399,379656,409290,434113,462385,472144,462063,489512,508502,570728,553361,547885,529600,543815,606973,658612,637144,611646,591762,587094,624247,667138,696570,731686,751896,778075,828635,990617,1104490,1279442,1358400,1540124,1663908,1772662,1935888,2370772,2692063,2911811,3230414,3442432,3576831,3926794,3981161,4238052,4645455,5304174,5242189,5458276,6336013,7184773,7763368,8316509,108455388
Mustard seed,319670,351692,351072,334087,256959,328721,357531,469152,264120,354088,309747,202002,484624,494683,184905,348170,312231,470402,318593,323801,304156,379691,384973,307319,441558,442845,336453,362383,593669,850901,474860,380714,483184,551440,486429,476632,534197,581525,627396,494914,393223,520057,706322,806144,565350,458385,407038,527446,703213,626708,576225,477487,525208,681877,24306172
"Nutmeg, mace and cardamoms",11607,12506,15529,16182,15418,16662,16411,17617,19101,20814,20744,21133,23246,27756,30494,29652,36258,34823,36303,38878,44214,39990,41648,46078,42957,46589,49492,48015,51687,53475,54488,56705,62855,63385,63847,70106,70339,63696,56348,67825,72000,78979,84521,77092,80183,86263,80670,89539,72114,67204,74344,91447,96302,106341,2711872
"Nuts, nes",214447,133349,271895,184083,218674,183677,219831,211669,226085,204202,249287,224338,270436,214493,276862,191855,265291,281796,274833,260816,351932,302890,342278,361809,409331,401490,401495,430511,406119,412240,483812,436771,541475,492218,539885,541003,575711,539495,652552,615625,715297,635954,730117,716902,718156,722148,824305,806937,838233,829651,848512,868174,876771,897409,24845127
Oats,57588769,54594859,50095676,48210949,50926066,55084132,59119016,62447882,64299433,65191105,67691300,61013646,66496657,61229212,56663289,62964881,65654598,65058998,55648687,55340288,51282464,61330248,61090637,63355508,65725037,63368539,56613519,48654694,54703041,55489278,46363076,34589489,35862004,33906603,28854907,31202633,32226154,26582604,24359643,26098650,27334486,25423928,26541519,26035667,23696527,22611075,25804970,25862987,23340359,19709952,22597145,21306870,23800287,22721701,2423765644
"Oil, palm",0,0,0,0,0,0,0,0,0,0,0,0,0,0,0,0,0,0,0,0,0,0,0,0,0,0,0,0,0,0,0,0,0,0,0,0,0,0,0,0,0,0,0,0,0,0,0,0,0,0,0,0,0,0,0
"Oil, palm fruit",13636250,13245466,13579681,13589323,13791506,13691499,13145568,14074539,14770861,15127942,16318727,16674448,17320637,19498488,20971418,21252831,22281025,24798566,27316222,29858675,31000047,35756699,33295322,40399328,43223956,46917489,48090189,52956114,58856609,60902077,63287310,66886584,78581976,81215495,88113230,93038525,99157531,98545525,114327031,120359808,128734251,135455811,150143852,163274438,181815780,195534099,192978736,214138089,218292900,225359512,245070767,254705453,265702807,274618165,4555679177
Oilcakes Equivalent,51742857,53977244,55716846,58696264,62171550,66030201,67899995,71350627,71144632,75888404,78808166,77783900,90823485,85619569,93421415,85980791,103436958,106375302,118703040,110374911,120977517,125618491,114381038,129104319,140020490,134407203,142471894,140215981,150445074,154721492,153956614,153489816,152323418,175453786,174517742,174766098,187290654,201751444,206600014,206920954,218506231,219311078,231962071,254261792,267013702,271196926,271261249,287990407,281501345,316934173,323633934,307682272,345021880,368241592,8689898848
Oilcrops Primary,28635520,29327640,30804737,31892536,33018014,34568714,35673276,36604221,36323096,38791143,40461581,39201151,43967492,42940162,45147535,42810099,48564832,50687197,54491338,52643090,56589239,60129056,56297970,62041948,67772181,67923846,71506371,72100690,76585116,79593101,81263011,79372683,80221122,88716763,92356107,93930314,98477001,102936309,109590792,110669129,113864431,115611505,124472421,133638422,141618916,149314034,149989986,161662375,161928893,172745845,182356107,180819543,197378005,203560353,4593586959
Oilseeds nes,303130,303006,290007,313465,315430,311743,344305,360088,353271,407122,410585,382762,448714,401545,469499,387374,488982,529014,484369,549650,554017,529078,615009,578523,708462,627227,653157,667200,720698,735684,742024,680911,799259,807195,821149,813426,791089,817654,811527,789631,859365,800774,833414,865199,968518,957288,919274,980972,983922,1021789,1110050,1147076,1196224,1273678,36034524
Okra,1107430,1132390,1178370,1207550,1274830,1326080,1372260,1411675,1477872,1603666,1651426,1823589,1906114,2050479,2034717,2042822,2107608,2228063,2353055,2510767,2498197,2603876,2714462,2869398,2934489,3084545,3165634,3177384,3615580,3640905,3701219,3859155,3900919,4614834,5584707,5555966,5473315,5027228,5315012,5422526,5437741,5491206,5815894,5987116,5772002,6371678,6767384,6683275,7067699,7333446,8105227,9499678,9469823,9623691,211985974
Olives,8205586,5410901,9952300,5494727,7053370,7037893,7532741,7769049,6802599,7527383,8343893,8066311,8282052,8034544,9909121,8019757,8803486,9430607,8304959,11217525,8078302,11058712,9283618,9577005,9875913,9217988,11433059,9079745,10513144,9023959,12816951,10927836,10929464,11392524,10208579,15377891,15108772,14471378,14209629,15623621,15479777,15629046,18370523,18009935,15972527,18590155,16995263,18081775,18869764,19658956,20474549,17733206,22105362,15401707,640779439
"Onions, dry",15074046,14868767,15050123,15221759,15574138,16186176,17087988,17290320,18037761,17780743,18647479,18255174,19653593,20617475,20147569,21056740,22873161,24248148,25049129,24330015,25327756,27169466,26849145,28317521,29202245,30695074,31662287,32085645,31836007,150608055,34162988,33558824,34491879,36032531,39399117,40583059,40474697,45059068,48227808,50134783,52043877,53147064,57313929,63651937,66902006,69708591,74082143,75518394,74902436,80100887,85972696,82158344,84375137,88475092,2201280792
"Onions, shallots, green",871189,980906,1060313,1163765,1169561,1200989,1222473,1259294,1336923,1329075,1338094,1330955,1270979,1293379,1401058,1399465,1589606,1611408,1924009,1923839,1966041,2061047,1989407,2194085,2298902,2441140,2295954,2399973,2414037,2587249,2603481,2641255,2689075,2915564,3015999,3026042,3021543,2907580,3080600,3358740,3558515,3618886,3714894,4008279,3769935,4125559,4048203,4202381,4228279,4128505,4309210,4245334,4262632,4165061,134970667
Oranges,16042472,16707707,16745057,16657297,18839989,20853633,23514781,22095651,25267750,25101589,26454925,27796043,30727768,31595149,32483657,34185345,34148208,34078453,35117455,40175976,40002362,38416128,41953628,39356820,41034292,42573352,44000714,46523004,50996687,50009007,52299995,54090079,55457904,54732380,58483765,60811718,65681767,61697007,61834427,63871292,60201129,62181482,59868057,65123377,63294775,66213047,65729290,69826007,68167907,69649501,71390399,68881444,70629487,70856282,2484427417
Palm kernels,0,0,0,0,0,0,0,0,0,0,0,0,0,0,0,0,0,0,0,0,0,0,0,0,0,0,0,0,0,0,0,0,0,0,0,0,0,0,0,0,0,0,0,0,0,0,0,0,0,0,0,0,0,0,0
Papayas,1322877,1350458,1424481,1362721,1547781,1634868,1650269,1707073,1711868,1693379,1760669,1753014,1809368,1748213,1935771,1908389,2286799,2246374,2322900,2460487,2411284,2519101,2588303,3195901,3156433,3639248,3305689,3661294,3144752,3290084,3993629,4312937,5015184,5474929,5691679,5432111,6415147,6670211,6883985,7246314,8552287,8419949,8163304,8673280,8028670,8913672,9533698,10020439,10732181,11193141,11300340,12010528,12357112,12670887,264255462
Peaches and nectarines,5217385,5015126,5526981,5731846,5894385,5908529,5865819,6853464,6371108,6703549,7259653,7067752,7390133,7852442,6900069,8260803,7298398,7373297,7435004,7945063,8207900,7886591,8249889,8364227,8212482,8633561,8547914,9137205,9690853,9885771,9874193,10919061,10826957,11559190,10908323,11707577,11389302,11474770,13367591,13368984,14023849,14825595,14862121,16774789,17810166,18230248,19228742,19916974,20457559,20500035,21184736,21140532,21529720,22795855,599364068
Pears,5489317,6258704,5933461,6842936,5803485,7396773,6781711,8403199,7467957,8563427,8728546,7996383,9285455,8356524,9305427,9052800,8218822,8822614,9160581,9123529,9350888,9764328,10323352,9944195,9911888,10317667,10026342,10677162,10526602,10081970,9545969,10432398,10487902,11264134,12449081,13471758,14101918,14890774,15375226,16253605,16450374,16964278,17594884,18504706,19410050,19971989,20911874,21210136,22439026,22760396,24044298,24294552,25103685,25798639,681647697
"Peas, dry",9354299,16167849,17478615,20907241,14322599,13482186,12255586,13230292,14109466,13628712,13389278,13143938,14884171,15931912,11317880,16681735,14037728,16115118,10551030,14422151,11147976,14923430,17381040,18028086,19240646,17563317,22454708,21959191,22518891,24298494,16607571,13409569,14828362,14347293,11484329,10869264,12153295,12387826,10951659,10715688,10357090,9620142,9892250,11746507,11295338,9784776,9353914,10032576,10384904,10342468,10428795,10656899,11206338,11186124,748970542
"Peas, green",3889613,4040499,4112087,4210046,4387058,4459188,4961957,4910203,4946125,4893649,5079252,5030467,5445266,6014310,5744440,5198383,5732643,5575986,5868576,5624800,5887499,6216155,5725454,6446452,6520177,6157432,6263723,6420047,7137614,7724356,8054871,8224132,8040185,9149384,9758912,9521028,10326942,11058205,11742627,12512083,12653601,11985977,12540889,12735504,13267564,14231877,14814160,15023216,16151189,16350620,16969851,17058594,17431738,17414443,471641049
Pepper (piper spp.),71318,111403,116426,103303,74442,100418,88686,127549,102615,102611,110391,114039,121567,128361,127045,156081,154930,168612,168164,178582,161581,166296,152373,154681,142564,170122,172893,229953,249622,296032,284247,242356,243372,224505,238338,240651,237417,258676,304928,316000,360834,397151,421629,426806,445912,467166,461748,445939,459514,419164,420800,416082,436885,462893,12955673
Peppermint,84611,81362,55558,24256,16039,17934,24821,24529,16285,22523,32797,30374,28001,41822,44227,31869,23037,25561,17166,14734,14134,13551,11186,8614,13271,17587,19337,24642,29679,20674,14864,23260,31894,49574,49622,52782,48710,57372,81270,36070,53720,53710,107850,68000,61920,84155,66305,64725,52279,73601,55765,99221,88019,85247,2290116
Persimmons,990079,870058,965877,1045660,978915,1029482,1098869,1050764,988980,911635,836286,907292,995403,950249,908607,899686,923321,987547,910503,968198,919207,992416,1096858,1118477,1186165,1277032,1332767,1257684,1185538,1157832,1144666,1336383,1290971,1440702,1573420,1649285,1787234,2068142,2280752,2427646,2473149,2720098,2776510,2943524,3314731,3399970,3727432,3977744,4084050,4070376,4476946,4813100,4889999,5190624,100598841
Pigeon peas,2227955,1525785,1760647,1565848,2068688,1901963,1307057,1928910,2036020,2055213,2100229,1908983,2130671,1639139,2045890,2314215,1941904,2151102,2083062,1966250,2172375,2472262,2220883,2808986,2828514,2693375,2517536,2555982,3042738,3118719,2766728,2498920,2781679,3146392,2603459,2773004,3163991,2359097,3247272,3259415,2970035,3171277,3101005,3290197,3343341,3887231,3531527,4338313,3601017,3919387,4515127,3972165,4466664,4890099,146688243
Pineapples,3833022,3854021,4006723,4129596,4478738,4762861,5026070,5056830,5239258,5450077,5708453,5699459,5819962,6210196,7191127,8045644,8085830,8415783,9482809,10835361,9021948,8722196,8706818,9234940,9759108,10317863,10558535,11154679,11569233,11839374,11656074,12307083,13115240,12957008,13070821,12871193,13301124,13066119,14904122,15117430,15715991,15828573,16151613,16750880,17784800,19790298,20089620,19736009,19973859,21069606,22927780,24081516,24526240,25438841,634448354
Pistachios,20714,19440,24158,22890,25023,40126,23824,49099,36212,47584,44342,77078,56029,87273,85195,71636,97211,105544,64824,76029,188235,161578,193321,181408,191637,203822,202986,228960,235072,276398,332818,350996,400490,347842,397450,438942,547175,333727,478497,379706,434486,520448,544842,443901,517012,596968,689008,808587,817688,948848,845533,966731,865888,857532,17002763
Plantains,12723298,13845492,13879386,14905463,13679255,14752205,16186542,16942138,17531173,20029413,20021438,20146495,20968381,22074654,23282575,22782848,23402734,24411922,22344098,22314204,22364665,22444767,22766523,22527414,23694070,23656192,23993743,24453772,26239110,22993619,24174874,24287770,25189107,26116790,26299954,27106164,27299955,27228853,26750957,28054677,29419012,29454650,29754666,30147564,30540065,31193532,32389234,32564374,32612926,31741156,30308858,29126157,29517820,30667640,1303304344
Plums and sloes,6478927,4560145,5777653,4964824,5288891,6054927,5399186,6251091,6594384,6900264,5959943,6054323,6327712,6277904,5679533,6199824,6463760,6406869,5794517,6912332,6604837,7623034,7695136,7378870,7763448,7628140,6935184,7533858,7913080,7249351,6920132,6098372,6296500,6402388,6234196,7903096,7852179,7364068,8111067,8539764,8615340,8455857,9891287,9639784,9970248,10573021,9705029,10289782,10888945,10574171,11066383,10714640,11435269,11282527,409495992
Poppy seed,51752,45979,41992,24835,27140,30675,29901,22479,27621,24443,34818,26538,23723,27338,24669,35650,77047,63750,31671,35645,26509,28631,27199,40238,25327,20127,20834,29063,28034,30021,43336,27940,23924,49639,70237,26671,43108,67943,80020,43758,56688,51953,90730,67312,75476,81508,66876,89777,98966,98207,108112,54606,70277,83577,2554290
Potatoes,354884196,322686468,341840498,378344614,359614502,369842117,391709305,405918120,370280718,394857025,372168580,350493820,415383138,365824339,359113983,357872276,363341694,377305652,388895605,307534721,339935222,343343610,347394009,376478980,354630768,373816501,355363336,331368004,348878863,330544745,322510172,279818083,305035894,271424596,286422233,312260571,303916593,301271183,300065932,327866306,311439578,316725936,315049557,336506440,327074240,307602148,324180340,330404759,335031180,333676489,373890271,369334874,374817256,381682142,18597672182
"Pulses, nes",3347820,3378396,3359789,3388409,3388436,3040302,3023481,3149756,3140671,3147305,3189942,3195971,2855768,3182131,3022397,3408156,2891640,3046077,3012623,2582079,2706295,2934502,3081590,3426299,3313603,3563385,3555776,3666254,3712751,3442662,4191154,2818019,3426677,3484573,3654674,3198567,3425502,3252836,3239616,3335440,3790762,3820515,3545702,3459831,3207694,3276519,3259191,3289240,3393582,3665115,3698553,4127238,4439078,4500579,181654923
"Pulses,Total",44560553,53113730,52084458,56930472,51529325,47565443,46152016,48994568,49040239,50970040,49168088,48249629,50087624,51169326,45335443,52719396,49450166,51479836,45042085,46735315,45809513,51875079,55968047,58112660,59282175,59379759,62998322,63617372,64547593,68175727,60467761,51951919,55657911,57117210,56410912,54285098,55483553,56601481,57868926,55837585,56368712,58472182,59676079,60080870,61450840,61194209,62044584,63034483,64338196,71222079,69708505,74198604,77608655,77473093,3058697446
"Pumpkins, squash and gourds",6694336,5735815,6021981,5903379,5631730,6075279,6019235,5983599,6013885,6060237,6332137,6266545,6291065,6599864,6915103,6949412,6943772,7152212,7573027,8021044,8226606,8636823,8988806,9551396,9616895,10008710,10397772,10088907,10715763,10908100,11236396,11604541,13185196,13512897,14190396,15089536,15602638,16096277,16477044,17844317,18286895,19628972,20728574,21581664,21036872,21497665,21859030,22276161,22904211,23333505,24131555,24289946,24941852,25196705,682856280
"Pyrethrum, dried",13402,15427,14397,11926,13424,18270,22449,22172,15499,11316,15316,21362,17559,19413,22497,20200,16953,12538,11200,15503,22797,25719,31956,26507,18570,8496,8990,9994,11730,13154,16678,19650,19154,17291,13902,11060,9157,10170,13569,11717,11805,12510,11210,10915,11215,13020,12320,13125,7828,4969,6809,7420,7951,8182,790363
Quinces,319522,300097,317289,352604,349251,328345,364965,391895,369217,392388,383286,367190,371550,357084,415354,409869,412883,367894,324919,282766,347648,329395,403518,353247,390280,395949,344267,384821,395199,394781,315889,313073,324655,326638,315366,350940,349238,392475,407474,424828,431209,436763,455044,429261,470830,467875,471085,480145,511339,539087,572811,603900,671753,649322,21628473
Quinoa,32435,36949,40812,30238,26211,21455,22547,15613,17903,17747,17645,17742,19830,20877,24642,25136,21214,19391,16286,25759,26252,32824,20362,30847,29189,30739,34127,39440,34454,23012,38367,22820,36779,36456,32995,40123,50358,49400,51849,52626,45886,54846,55540,52326,58443,57962,59115,57777,74353,79447,84088,97386,117881,192818,2271319
Ramie,47215,50642,52399,60027,61713,63970,66553,64860,69643,73089,82815,83218,74209,64997,51515,45795,41108,35348,45710,56111,60393,70054,55287,60855,93836,254991,601668,345708,201059,105892,70703,72163,78544,124043,154097,148638,143117,126548,123384,164140,200054,242042,248604,258773,280884,290918,295424,254871,215751,193840,163170,134742,124258,112838,7262226
Rapeseed,3620525,3740100,3402954,3868662,5242126,4669455,5276787,5373559,4946286,6705677,8306204,7020842,7309324,7361902,8797314,7630177,7914446,10579575,10645042,10771588,12494066,15288159,14232590,16765757,19315032,19928410,22944027,22280940,23083594,24934259,28269726,26717634,26153555,29663754,34190737,30430191,35070410,35747783,43187475,39527427,35930025,34392862,36785187,46541102,49996984,47999431,51379996,57924738,62584484,60083565,62713329,64609157,72678054,73800810,1410827795
Raspberries,170115,180177,207826,227044,223846,223076,232634,210213,225575,291232,268446,275299,358329,278809,360358,306537,307597,317052,326508,321726,377006,354551,377271,403161,430825,436715,465358,523782,543109,382581,331078,299849,296393,303802,319336,320383,318170,354081,400514,408480,432074,472107,446583,516486,519285,523265,506159,471363,505076,527154,605982,558467,571408,609027,20223280
"Rice, paddy",215878064,226710246,247470293,263367919,254603284,261843652,278221148,289614283,296616296,317541801,319047426,308826937,336574838,333756814,358840274,349558462,371554153,387180745,377490758,399473310,412401231,424259049,450448795,467883898,470566472,471081842,463869108,490056102,516675140,520746672,520694182,528524201,531600132,538867469,547434743,568912479,576993967,579198929,610979375,598905245,599456854,571065116,586844217,607608232,634292793,640838874,656728320,687494237,686268989,701251637,721629272,733012887,739119660,741477712,25791358534
"Roots and Tubers,Total",539993248,518919151,535649978,572601721,573079823,594699944,620990074,639841513,616657446,656710508,622262322,594789381,691904983,629867599,633528179,625368432,645064122,672149522,666291421,589863015,613319856,622320603,632848885,664060476,634581001,651628979,649747168,625499983,653665197,637777650,644758291,606251870,644119725,606986789,630399124,660046299,636870141,652320339,673071641,700409107,687361001,699007884,702058559,738258399,731504552,712268609,722016590,740963649,741244670,754053883,806639935,804029450,817112473,845281661,35582716821
"Roots and tubers, nes",2397385,2462742,2585264,2739386,2769638,2810344,2867695,2943160,3018173,3117858,3159918,3247354,3283507,3425015,2699261,2669645,2929426,3149133,3438920,3694517,3767091,3869906,4017813,4105185,4219832,4505519,4687182,4872835,4729469,5115587,5028701,5294495,5612964,5976432,6247378,6391010,6574035,6809739,7027939,7233123,7500242,7730530,7971300,8305560,8546311,8843205,8975358,8933850,8921151,8882981,9329243,9714570,9714969,9895465,288759311
"Rubber, natural",2112686,2151014,2215433,2285067,2376063,2464627,2465623,2667477,2912896,2978844,3029938,3053254,3400087,3358047,3265661,3572638,3601390,3669213,3795180,3743198,3749840,3758576,4030560,4095607,4242001,4612328,4820852,5112374,5136002,5217922,5395007,5624551,5784203,6039308,6316585,6525366,6632293,6632241,6725707,6930875,7282684,7509006,8177026,8930503,9289020,10102360,10259495,10390742,9913463,10511943,11270512,12312952,12989279,13229043,308668562
Rye,50153990,50146359,41175497,44925314,50022831,42637849,43130409,45733601,39278813,39352728,43202353,37347560,38640556,46220805,32466881,42228910,31663296,43176595,29955117,34336975,33462692,44738450,50771311,46590313,46345448,44214111,48603687,47913866,52960561,60372245,43728211,30506161,27479714,22896416,23223296,23088524,25333073,21126009,20203887,20116882,23338869,20934219,14609999,17695366,15164622,12650007,15174140,18115808,18280232,11940559,13069838,14506437,16660943,15242552,1786854887
Safflower seed,331497,518083,538423,433084,490151,711127,589281,439693,556108,670254,908695,708523,637589,725086,1008573,635469,980313,1092817,1113535,932799,816880,829567,857619,935070,899318,742985,804096,964129,844560,846135,615255,550948,782877,867086,842126,872365,888357,600527,830989,625977,550028,547015,707865,656416,588088,536392,628438,629326,652099,652153,678657,839039,714495,733851,39151828
Seed cotton,32337534,34318162,38160201,39418376,41925153,40211591,39599334,42318712,40851340,43158028,45047750,46963673,48955614,50541385,44704939,43802910,50203318,47992139,51598885,50825103,55442102,54168807,52884147,63984873,60307433,53257007,57319172,62299920,59240288,62958617,68388047,52970043,48067064,53119830,56988653,55767872,55005940,52581167,53364529,53229797,60492159,54195190,55994371,70937631,70360048,71508983,73714709,66195786,61468412,68669128,79097593,79297706,73108942,79069252,2968389365
Sesame seed,1652288,1708476,1753833,1837278,1723849,1676299,1837022,1789341,1873434,2299136,2232547,2131145,2045097,1970131,1942709,1932466,2089896,2103633,2133117,1954374,2408483,1995752,2199067,2122192,2442830,2484601,2478825,2358034,2248565,2473115,2333667,2727913,2462116,2435695,2841557,3206083,2857821,2821400,2919374,3058753,3410579,2999229,3513023,3863512,3735740,4093920,3971003,4139718,4280391,4690184,5173660,5096100,5593894,6235531,150358398
Sisal,762928,795155,821248,872941,828779,813417,789647,753869,795876,781556,830730,837537,804179,866122,778409,578999,576533,522622,523557,547760,524382,512364,422442,446296,498697,461366,364007,379215,398743,378773,425747,389263,313225,311694,318969,292150,335649,279420,347775,407483,299520,284330,313422,325391,340296,375534,379558,381344,401445,390203,409025,229440,280451,247544,27347027
Sorghum,42425225,45262169,47305010,46265198,48024398,53344359,58009285,54104245,57067983,57362304,63543082,55069311,66018079,63275061,64151918,65650474,69002901,68063125,67242202,59441185,76726514,70621256,64148565,71980036,81366848,72539829,66852852,67708752,60774279,58101884,59396302,74585432,59320737,63823846,57009921,75748697,62672026,65731454,62422960,58354311,64244885,56321692,64225806,60815453,64575840,61972328,67814378,70439932,61064265,63041859,61579718,57202082,61326232,68938585,3364077070
Soybeans,27227158,27595148,28652071,29364547,32125923,36998918,38476319,41948481,42401347,44291887,46153769,47515207,59691889,52999832,65028541,57879226,74394802,76083966,89165341,81565368,89016040,92657684,80027061,91225915,101621845,95149350,100814463,94405758,108210661,109330175,104136537,114467679,115146195,136447143,126949295,130202571,144356732,160135008,157776693,161297356,178242605,181677688,190650567,205522972,214559073,221966307,219795265,231296138,223315826,264959402,261624261,241732261,277679429,306519257,6532474952
"Spices, nes",422473,400883,461173,427518,355359,328244,326589,320795,368667,428607,425938,369670,402341,430707,425276,402082,550979,524103,521615,538217,513420,507614,581811,612155,705834,719112,840155,769096,830721,796303,752444,821152,1152031,1063401,912067,1045104,1052597,1160678,1193312,1245417,1187967,1096974,1303081,1346231,1486763,1435666,1570244,1570946,1572341,2019514,2287982,2129068,2151625,2063345,48927407
Spinach,2961700,2458268,2419106,2251349,2320875,2383003,2439140,2511819,2616885,2285976,2444157,2336287,2480273,2495009,2565865,2573652,2778023,3331680,2921011,2903616,3206770,3395307,3415355,3493693,3593874,3624219,3661133,3748372,3841736,4068955,4353788,4469744,5174704,5988313,6295874,7179998,7283574,7407067,7647157,9481918,10135621,11404765,12546087,13354975,14200119,14955574,16144700,18877182,19748583,20252669,21237640,22179796,23217986,24277804,395342746
Strawberries,782516,767267,822138,953792,1000733,1167519,1252296,1254260,1210375,1357644,1308295,1232854,1419919,1464514,1392062,1435716,1657265,1794937,1809296,1898525,1872007,1959679,1991421,2022388,2144796,2232502,2561289,2510006,2581058,2555693,2485318,2424268,3191970,3403073,3588964,3596975,3678114,3879908,4299986,4470167,4467268,4630410,5045102,5506480,5731360,5841232,5863226,6009728,6621801,6597730,6762259,7548928,7886313,8114370,170057712
String beans,933539,893743,942770,947471,994635,1006970,1109994,1085780,1053693,1062721,1120742,1110932,1241184,1280995,1182257,1048846,1197154,1304146,1349949,1316115,1331399,1213961,1080763,1170051,1228904,1157884,1221091,1115667,1357781,1340990,1405917,1477828,1493028,1659384,1628566,1717545,1696083,1703822,1807608,1906187,1813209,1913401,1963803,2075062,2076941,2179078,2051443,2084875,2114813,1984229,1926231,1924584,1850930,1811992,78668686
Sugar beet,211412995,196607719,209027629,297380931,269652224,286307261,320566185,343196658,288078772,303193952,299725803,316755971,337151328,312870029,317622276,396280369,381681484,376317077,338964809,348843459,348684286,363144202,356240493,381794947,366547160,365652048,390156644,381605884,411816403,392169732,350176529,282237910,282405038,255073927,264747180,265864694,268061256,263183510,260709396,250121307,230423270,259852517,232636271,251567705,254097492,253950093,246658742,221570774,228191698,228793105,278910179,270151874,247965990,269714067,16126513254
Sugar cane,448117522,437012640,440073902,481087768,531492486,531768823,519585895,507058880,539194462,609442105,582815426,569982570,601324145,649669497,657106792,688613538,736442286,775967858,771345178,735772193,802004280,909737819,907364631,934313328,938013569,939219160,995069218,996500478,1021662748,1057219459,1093828334,1120798035,1034505849,1093924312,1176923462,1228701959,1257268015,1281655863,1287516078,1260869626,1269947901,1339121193,1385244938,1349093206,1323076118,1426939609,1622240751,1735963523,1694557980,1699587377,1801812944,1836436689,1903025974,1884246201,55422264593
"Sugar crops, nes",641000,661200,681500,703000,733300,776000,814000,885100,933255,1150336,1116271,1005571,911527,983218,867557,839537,770455,746464,737200,747660,744964,744668,705620,743824,729236,745571,798465,767095,723225,727425,746050,747580,759470,772000,771000,714762,735125,768994,803000,758000,781000,784400,879300,873800,918700,970500,907720,877466,899866,904150,946608,933141,950841,994692,44332409
Sunflower seed,11570064,12003937,10885283,14468490,13434294,15381364,16623543,16702913,16272442,16189716,15644621,14862324,19740919,18036508,14866560,15746009,18221522,18636452,20670227,18274326,19008102,21797725,20791491,21155369,24120156,26085677,26723975,26784677,28502296,29137451,28471509,22023739,20044380,21921755,26322585,24881100,23372888,25071375,29196366,26504616,20551678,24621110,27537802,26156752,30740047,31835665,26560469,36373685,33070208,31560796,40962202,37108859,44326691,41422309,1262977019
Sweet potatoes,98202635,105301106,98019159,93389412,108389879,119698566,118628438,118113469,126178704,136527488,127276781,121499494,152895329,137309343,141354403,133363031,143147584,151897764,137976647,137911239,125583727,129468910,137975719,133061563,123017023,120961939,133660442,121971410,123726288,122753620,123735565,123254754,131562634,125505013,136012197,142003612,121386715,134855035,147282538,139267700,136240089,136833448,131077433,130958190,128031754,106945613,101413359,104663588,104181196,103966231,106724866,103322649,103381738,106601603,6708468632
Tallowtree seed,620000,620000,630000,630000,640000,640000,650000,650000,660000,660000,670000,670000,680000,680000,690000,690000,710000,730000,740000,740000,732000,760000,732000,770000,777000,738000,680000,760000,763000,770000,775000,770000,780000,795000,780000,785000,790000,800000,810295,820000,835000,850000,865000,870000,890000,900000,920000,950000,965000,957260,950000,985000,995000,992000,41711555
"Tangerines, mandarins, clementines, satsumas",2836347,2859715,3001331,3459637,3595574,4482412,4426299,5253955,5187427,5907851,6092418,7512653,7463194,7617678,8133298,7587425,8246876,8151725,8841234,8656254,8639538,9326418,10046842,8603661,10020710,10537983,11564269,10783822,13057850,12543633,13667388,14031273,14549541,15048359,16171460,15815356,19085205,17660270,20110065,18373098,20909729,21290209,21993012,23427870,24023728,26165566,20358461,21461815,22225901,23674409,27216095,27653749,28214591,29864482,727429661
Taro (cocoyam),4487124,5063497,5358340,5145493,5186452,5233601,5558850,5469848,5925884,5807187,5233642,5537058,5548044,5399294,4978800,4650417,4409148,3992490,4090526,4074712,4060277,4093097,4198290,4397526,4362220,4777348,4729902,5075278,5211873,5054392,5514620,5522830,6003977,5935970,6206790,6432728,7124165,9281718,9676591,9707977,9851261,10452823,10787824,10973903,11493754,11889008,11606869,12120624,9597291,9431411,9546077,9885350,9637031,10108221,365899423
Tea,1023377,1031181,1069871,1110656,1140896,1202420,1219058,1272546,1298911,1353569,1377073,1476589,1539957,1573427,1635661,1683821,1877355,1916987,1951732,2023377,2022407,2102181,2207825,2353836,2459934,2439102,2514977,2570534,2603861,2660907,2684306,2498936,2621354,2648459,2634620,2706555,2777914,3012024,3099120,3014439,3135732,3222892,3286430,3476488,3682303,3728641,3998624,4230320,4284525,4603516,4773895,5034639,5349088,5561339,138780187
"Tobacco, unmanufactured",3707810,4069803,4421510,4891704,4574627,4814423,5146496,5035043,4916235,4929166,4829449,5233520,5262309,5615453,5718548,6047963,5891683,6270653,5724252,5480780,6212453,7255541,6372774,6932437,7430173,6381970,6480934,7085139,7298583,7420993,7780932,8329661,8342194,6476274,6284076,7409743,8986235,6945191,6989068,6735874,6124386,6451243,6024976,6578490,6748815,6591674,6185008,6644459,7105802,6913989,7484623,7541479,7548003,7176636,340851255
Tomatoes,31112510,32524164,31689347,33524393,33995311,35368909,37621309,39219314,38436558,40250047,42320536,42994499,47684824,50744947,52830140,51334121,53043379,57976923,62889248,59548811,61720647,64904446,66949087,71932719,72416699,73023632,73741329,74979731,82572798,83930986,83524934,75530956,78490884,83744296,88063946,94175098,90602397,96655552,110032120,111038066,108997864,117231610,120042828,128932947,129796563,131777441,138133028,141543352,154808854,152396933,158758658,161790070,163717690,170749076,4491816527
"Treenuts,Total",2632033,2327880,2579494,2720607,2547978,2776629,2728447,2964749,2818505,3210237,3035763,3151205,3404744,3362599,3456633,3451809,3454577,3594542,3531338,3526808,4178057,3836477,3890520,4027898,4105010,4138525,4487521,4630598,4974582,4974996,5353683,5415744,5534124,5906196,5729024,6088490,6802171,6445888,7602016,7504047,7988906,8733853,8994767,9209598,10291136,11168968,12009948,13478968,13577456,14316681,15301445,15886092,14543497,14503201,336906660
Triticale,0,0,0,0,0,0,0,0,0,0,0,0,0,0,1200,2309,23213,49669,99054,167210,102280,86443,192464,374508,599060,913235,2062133,2904592,3835912,4463143,4740822,4409306,4981598,4758038,6187680,7439461,7919326,8754572,8305465,9106834,10811778,11416036,11027089,14036771,13369331,10818445,12364310,14240337,15847386,13738611,13554006,13651813,14463726,16953565,268772731
Tung nuts,372562,345200,515918,519163,230176,522811,541334,607897,548867,608693,523295,661384,408137,653754,651158,563711,590366,581048,499663,485242,542227,504271,522374,501247,524105,458056,454735,475609,454767,477849,438086,521900,520443,490566,459562,462524,531264,493156,505369,499723,469091,430180,414755,439597,429851,446941,421727,430788,428699,495878,500297,491483,466694,480877,26615070
Vanilla,1376,1192,1683,1626,1748,1933,1893,1506,1961,1735,2336,2397,2082,2844,3136,1586,1939,1989,1740,1983,2390,2795,2811,3243,3024,2542,4093,4851,4407,3195,3200,3584,4236,3525,3830,4092,3973,4475,4292,3886,4569,5182,4697,5741,7347,8890,9159,9119,8986,8049,8456,8117,7900,7466,214807
Vegetables Primary,241482793,241702061,241750811,249763754,249854284,258518436,269579814,274376417,276025789,274736306,287793565,284267166,304879038,310680288,316910230,320911086,331818766,353193113,359475064,357496078,373663536,395142912,401295744,430116998,437541033,461554687,472538083,482042199,490416571,618883533,503749730,488463828,518994521,541576420,573216462,607760487,627958418,651187250,709624985,783458365,812510101,842094978,870104115,880940500,904463935,936939220,966781504,1001369142,1025100338,1053348551,1089901120,1109220810,1134265267,1169445244,30170885446
"Vegetables&Melons, Total",241482793,241702061,241750811,249763754,249854284,258518436,269579814,274376417,276025789,274736306,287793565,284267166,304879038,310680288,316910230,320911086,331818766,353193113,359475064,357496078,373663536,395142912,401295744,430116998,437541033,461554687,472538083,482042199,490416571,618883533,503749730,488463828,518994521,541576420,573216462,607760487,627958418,651187250,709624985,783458365,812510101,842094978,870104115,880940500,904463935,936939220,966781504,1001369142,1025100338,1053348551,1089901120,1109220810,1134265267,1169445244,30170885446
"Vegetables, fresh nes",65882153,68985014,67904908,70669346,70797943,72165413,74019919,75270155,75793645,76321918,79537783,77812018,81020203,81722614,82306417,84789833,87906526,92067511,92017511,91199725,97018316,102403882,108361875,118634388,118212851,135520419,137907033,143620867,143308355,145125726,142333217,146884271,157051336,161130191,166073334,172151434,176422739,178455400,190552461,214000793,229447897,229104276,239449762,226391672,233653832,242731455,245163423,250628667,249967768,261081326,264163417,274321350,282271837,289788744,8041524869
"Vegetables, leguminous nes",647212,701537,715034,725727,703639,707661,714506,706553,686341,697080,699858,662931,716250,766825,796301,843333,797100,832791,831104,854320,925008,871210,848408,927622,979451,1057117,1089752,1028318,977336,1019822,979540,1026533,963254,965619,979063,1041877,1048175,1066318,1137043,1076276,1122027,1163664,1447141,1599323,1487981,1521314,1476946,1589196,1796837,1746205,1653085,1601008,1702054,1657402,56378028
Vetches,3066348,3823064,2506519,3989556,3068022,3401549,3792169,3599651,4030491,4057120,3248485,3142065,3329146,3303776,2096650,2825858,2842608,1860884,1454989,1673904,1369691,1811201,2753494,2667708,3015650,2905044,2731869,2447049,2615503,2495041,1863884,1147317,1039898,1038340,966092,1194880,1154555,863764,883250,1020658,1179943,1200812,1302423,1275531,1082011,1195914,974584,966494,831283,744206,934290,933933,911151,905001,111535318
"Walnuts, with shell",509699,543535,546250,566057,552833,604492,586747,618884,643903,689063,713699,666215,831633,703169,772438,786852,766469,788849,835671,844083,840722,927377,901051,899407,906056,920476,956537,952914,1009535,985515,1026080,930209,1105158,1050910,1064024,1082631,1129365,1182190,1246935,1277006,1320898,1408882,1530239,1564384,1776485,1761918,2043808,2423677,2651714,2948322,3324954,3782906,3236047,3462229,67201102
Watermelons,20112416,21802179,21850435,23086813,22119949,23160465,24065869,24329715,23787276,22452860,25223504,24192161,25503458,25166852,26976412,27627866,27524730,28541564,29931646,30299625,31746270,32919881,33249232,33687809,39229127,39551738,43824855,42924557,40379023,40600450,40185442,36443812,38444549,38410355,41646962,47229824,59349865,60763457,73290113,76748280,83205638,90751933,87847718,88900823,91927789,94963504,94579423,95097052,99159784,101677805,102806008,105269196,108126258,111006594,2743700921
Wheat,284877631,316877646,280070413,338763430,319806979,398323444,367148322,414720484,383885483,404606254,440522581,423958437,472682126,437938442,418325146,511217031,469233677,557708880,508050301,532918901,526501986,556667617,563479281,577447225,572806392,615457230,582563855,579663538,625615114,693622176,620594902,566128485,565182459,525843449,545014647,579157198,615027582,596596470,584911386,585237306,590855229,578019548,558148064,631146408,630570296,601059310,611853301,691472509,686344925,642312115,697790975,672738865,710957971,729012171,28991435593
Yams,8444385,8444418,9528535,10209814,11185986,12016093,13280361,14006164,15639434,17548361,15396915,12465979,12779354,13296100,14705765,12666371,12328110,12081293,11713002,12118518,12133475,12414201,12090863,12495429,12230068,13073125,12922205,17087350,18032658,21869978,27359307,30187053,32400193,33284950,33421612,34294497,35720753,37272945,39169374,39806543,40248743,42553451,44423199,47105751,49305722,53156741,47546485,53014708,47881448,56881072,53279741,53935055,57958212,68132131,1452543996
Yautia (cocoyam),117284,123840,142094,143203,150123,180014,154849,160293,158903,128590,135752,149861,140316,150519,146757,154495,207304,311117,303698,271642,200587,155711,160504,181475,177825,185883,168997,181431,184900,189902,189114,170275,189081,269706,296874,279590,284886,287293,360918,374430,375175,531824,509548,550192,488204,452509,476947,508970,480370,383916,402946,461219,501683,583985,14627524
